[2026-08-09 18:23:41,624] cb2game.server.config.config WARNING [config:ValidateConfig:53] Record directory data/server/game_data.db does not exist. This can happen if it's your first time running a new config. The program will just create a database for you.
[2026-08-09 18:23:41,625] cb2game.server.config.config WARNING [config:ValidateConfig:58] Record directory data/server/game_records does not exist. This is okay, it's just a sign that the logged network packets may be missing. Or it's your first time running a config.
[2026-08-09 18:23:41,625] root INFO [main:main:1476] Config file parsed.
[2026-08-09 18:23:41,625] root INFO [main:main:1477] data prefix: data/server
[2026-08-09 18:23:41,625] root INFO [main:main:1478] Log directory: data/server/game_records
[2026-08-09 18:23:41,625] root INFO [main:main:1479] Assets directory: data/server/assets
[2026-08-09 18:23:41,625] root INFO [main:main:1480] Database path: data/server/game_data.db
[2026-08-09 18:23:41,626] cb2game.server.schemas.base INFO [base:SetDatabase:30] Pragmas: [('journal_mode', 'wal'), ('cache_size', -65536), ('foreign_keys', '1'), ('synchronous', 'off')]
[2026-08-09 18:23:41,852] aiohttp.access INFO [web_log:log:206] 127.0.0.1 [10/Aug/2026:01:23:41 +0000] "GET /data/config HTTP/1.1" 200 15213 "-" "curl/8.7.1"
[2026-08-09 18:23:46,674] aiohttp.access INFO [web_log:log:206] 127.0.0.1 [10/Aug/2026:01:23:46 +0000] "GET /play?lobby_name=scenario-lobby&auto=join_game_queue HTTP/1.1" 200 235 "-" "Mozilla/5.0 (Macintosh; Intel Mac OS X 10_15_7) AppleWebKit/537.36 (KHTML, like Gecko) Chrome/150.0.0.0 Safari/537.36"
[2026-08-09 18:23:46,694] aiohttp.access INFO [web_log:log:206] 127.0.0.1 [10/Aug/2026:01:23:46 +0000] "GET /TemplateData/style.css HTTP/1.1" 200 234 "http://127.0.0.1:8080/play?lobby_name=scenario-lobby&auto=join_game_queue" "Mozilla/5.0 (Macintosh; Intel Mac OS X 10_15_7) AppleWebKit/537.36 (KHTML, like Gecko) Chrome/150.0.0.0 Safari/537.36"
[2026-08-09 18:23:46,794] aiohttp.access INFO [web_log:log:206] 127.0.0.1 [10/Aug/2026:01:23:46 +0000] "GET /Build/WebGL.loader.js HTTP/1.1" 200 243 "http://127.0.0.1:8080/play?lobby_name=scenario-lobby&auto=join_game_queue" "Mozilla/5.0 (Macintosh; Intel Mac OS X 10_15_7) AppleWebKit/537.36 (KHTML, like Gecko) Chrome/150.0.0.0 Safari/537.36"
[2026-08-09 18:23:46,835] aiohttp.access INFO [web_log:log:206] 127.0.0.1 [10/Aug/2026:01:23:46 +0000] "GET /Build/WebGL.framework.js HTTP/1.1" 200 245 "http://127.0.0.1:8080/play?lobby_name=scenario-lobby&auto=join_game_queue" "Mozilla/5.0 (Macintosh; Intel Mac OS X 10_15_7) AppleWebKit/537.36 (KHTML, like Gecko) Chrome/150.0.0.0 Safari/537.36"
[2026-08-09 18:23:47,005] aiohttp.access INFO [web_log:log:206] 127.0.0.1 [10/Aug/2026:01:23:46 +0000] "GET /TemplateData/favicon.ico HTTP/1.1" 200 240 "http://127.0.0.1:8080/play?lobby_name=scenario-lobby&auto=join_game_queue" "Mozilla/5.0 (Macintosh; Intel Mac OS X 10_15_7) AppleWebKit/537.36 (KHTML, like Gecko) Chrome/150.0.0.0 Safari/537.36"
[2026-08-09 18:23:47,031] aiohttp.access INFO [web_log:log:206] 127.0.0.1 [10/Aug/2026:01:23:46 +0000] "GET /Build/WebGL.data HTTP/1.1" 200 258 "http://127.0.0.1:8080/play?lobby_name=scenario-lobby&auto=join_game_queue" "Mozilla/5.0 (Macintosh; Intel Mac OS X 10_15_7) AppleWebKit/537.36 (KHTML, like Gecko) Chrome/150.0.0.0 Safari/537.36"
[2026-08-09 18:23:47,052] aiohttp.access INFO [web_log:log:206] 127.0.0.1 [10/Aug/2026:01:23:46 +0000] "GET /Build/WebGL.wasm HTTP/1.1" 200 250 "http://127.0.0.1:8080/play?lobby_name=scenario-lobby&auto=join_game_queue" "Mozilla/5.0 (Macintosh; Intel Mac OS X 10_15_7) AppleWebKit/537.36 (KHTML, like Gecko) Chrome/150.0.0.0 Safari/537.36"
[2026-08-09 18:23:47,097] aiohttp.access INFO [web_log:log:206] 127.0.0.1 [10/Aug/2026:01:23:47 +0000] "GET /data/config HTTP/1.1" 200 15213 "-" "python-requests/2.28.1"
[2026-08-09 18:23:47,118] root INFO [main:PlayerEndpoint:1268] Player connecting to lobby: scenario-lobby | type: 6
[2026-08-09 18:23:47,118] root INFO [main:PlayerEndpoint:1299] player connected from : 127.0.0.1
[2026-08-09 18:23:47,120] root INFO [main:PlayerEndpoint:1319] Player connected. Type: <UserType.BOT: 4>
[2026-08-09 18:23:47,121] root INFO [main:receive_agent_updates:1191] receive_agent_updates(<Request GET /player_endpoint >, <WebSocketResponse Switching Protocols GET /player_endpoint >, <cb2game.server.lobbies.scenario_lobby.ScenarioLobby object at 0x10c7e3c70>)
[2026-08-09 18:23:47,121] cb2game.server.lobby INFO [lobby:handle_scenario_request:722] Scenario  does not exist. Cannot attach.
[2026-08-09 18:23:47,267] cb2game.server.lobby INFO [lobby:handle_scenario_request:722] Scenario  does not exist. Cannot attach.
[2026-08-09 18:23:47,331] cb2game.server.lobby INFO [lobby:handle_scenario_request:722] Scenario  does not exist. Cannot attach.
[2026-08-09 18:23:47,387] cb2game.server.lobby INFO [lobby:handle_scenario_request:722] Scenario  does not exist. Cannot attach.
[2026-08-09 18:23:47,444] cb2game.server.lobby INFO [lobby:handle_scenario_request:722] Scenario  does not exist. Cannot attach.
[2026-08-09 18:23:47,499] cb2game.server.lobby INFO [lobby:handle_scenario_request:722] Scenario  does not exist. Cannot attach.
[2026-08-09 18:23:47,553] cb2game.server.lobby INFO [lobby:handle_scenario_request:722] Scenario  does not exist. Cannot attach.
[2026-08-09 18:23:47,605] cb2game.server.lobby INFO [lobby:handle_scenario_request:722] Scenario  does not exist. Cannot attach.
[2026-08-09 18:23:47,657] cb2game.server.lobby INFO [lobby:handle_scenario_request:722] Scenario  does not exist. Cannot attach.
[2026-08-09 18:23:47,716] cb2game.server.lobby INFO [lobby:handle_scenario_request:722] Scenario  does not exist. Cannot attach.
[2026-08-09 18:23:47,784] cb2game.server.lobby INFO [lobby:handle_scenario_request:722] Scenario  does not exist. Cannot attach.
[2026-08-09 18:23:47,835] cb2game.server.lobby INFO [lobby:handle_scenario_request:722] Scenario  does not exist. Cannot attach.
[2026-08-09 18:23:47,888] cb2game.server.lobby INFO [lobby:handle_scenario_request:722] Scenario  does not exist. Cannot attach.
[2026-08-09 18:23:47,942] cb2game.server.lobby INFO [lobby:handle_scenario_request:722] Scenario  does not exist. Cannot attach.
[2026-08-09 18:23:47,994] cb2game.server.lobby INFO [lobby:handle_scenario_request:722] Scenario  does not exist. Cannot attach.
[2026-08-09 18:23:48,046] cb2game.server.lobby INFO [lobby:handle_scenario_request:722] Scenario  does not exist. Cannot attach.
[2026-08-09 18:23:48,098] cb2game.server.lobby INFO [lobby:handle_scenario_request:722] Scenario  does not exist. Cannot attach.
[2026-08-09 18:23:48,150] cb2game.server.lobby INFO [lobby:handle_scenario_request:722] Scenario  does not exist. Cannot attach.
[2026-08-09 18:23:48,211] cb2game.server.lobby INFO [lobby:handle_scenario_request:722] Scenario  does not exist. Cannot attach.
[2026-08-09 18:23:48,263] cb2game.server.lobby INFO [lobby:handle_scenario_request:722] Scenario  does not exist. Cannot attach.
[2026-08-09 18:23:48,316] cb2game.server.lobby INFO [lobby:handle_scenario_request:722] Scenario  does not exist. Cannot attach.
[2026-08-09 18:23:48,367] cb2game.server.lobby INFO [lobby:handle_scenario_request:722] Scenario  does not exist. Cannot attach.
[2026-08-09 18:23:48,419] cb2game.server.lobby INFO [lobby:handle_scenario_request:722] Scenario  does not exist. Cannot attach.
[2026-08-09 18:23:48,471] cb2game.server.lobby INFO [lobby:handle_scenario_request:722] Scenario  does not exist. Cannot attach.
[2026-08-09 18:23:48,523] cb2game.server.lobby INFO [lobby:handle_scenario_request:722] Scenario  does not exist. Cannot attach.
[2026-08-09 18:23:48,619] cb2game.server.lobby INFO [lobby:handle_scenario_request:722] Scenario  does not exist. Cannot attach.
[2026-08-09 18:23:48,712] cb2game.server.lobby INFO [lobby:handle_scenario_request:722] Scenario  does not exist. Cannot attach.
[2026-08-09 18:23:48,763] cb2game.server.lobby INFO [lobby:handle_scenario_request:722] Scenario  does not exist. Cannot attach.
[2026-08-09 18:23:48,831] cb2game.server.lobby INFO [lobby:handle_scenario_request:722] Scenario  does not exist. Cannot attach.
[2026-08-09 18:23:48,883] cb2game.server.lobby INFO [lobby:handle_scenario_request:722] Scenario  does not exist. Cannot attach.
[2026-08-09 18:23:48,948] cb2game.server.lobby INFO [lobby:handle_scenario_request:722] Scenario  does not exist. Cannot attach.
[2026-08-09 18:23:49,003] cb2game.server.lobby INFO [lobby:handle_scenario_request:722] Scenario  does not exist. Cannot attach.
[2026-08-09 18:23:49,059] cb2game.server.lobby INFO [lobby:handle_scenario_request:722] Scenario  does not exist. Cannot attach.
[2026-08-09 18:23:49,110] cb2game.server.lobby INFO [lobby:handle_scenario_request:722] Scenario  does not exist. Cannot attach.
[2026-08-09 18:23:49,175] cb2game.server.lobby INFO [lobby:handle_scenario_request:722] Scenario  does not exist. Cannot attach.
[2026-08-09 18:23:49,227] cb2game.server.lobby INFO [lobby:handle_scenario_request:722] Scenario  does not exist. Cannot attach.
[2026-08-09 18:23:49,279] cb2game.server.lobby INFO [lobby:handle_scenario_request:722] Scenario  does not exist. Cannot attach.
[2026-08-09 18:23:49,330] cb2game.server.lobby INFO [lobby:handle_scenario_request:722] Scenario  does not exist. Cannot attach.
[2026-08-09 18:23:49,382] cb2game.server.lobby INFO [lobby:handle_scenario_request:722] Scenario  does not exist. Cannot attach.
[2026-08-09 18:23:49,434] cb2game.server.lobby INFO [lobby:handle_scenario_request:722] Scenario  does not exist. Cannot attach.
[2026-08-09 18:23:49,488] cb2game.server.lobby INFO [lobby:handle_scenario_request:722] Scenario  does not exist. Cannot attach.
[2026-08-09 18:23:49,524] aiohttp.access INFO [web_log:log:206] 127.0.0.1 [10/Aug/2026:01:23:49 +0000] "GET /data/config HTTP/1.1" 200 15213 "http://127.0.0.1:8080/play?lobby_name=scenario-lobby&auto=join_game_queue" "Mozilla/5.0 (Macintosh; Intel Mac OS X 10_15_7) AppleWebKit/537.36 (KHTML, like Gecko) Chrome/150.0.0.0 Safari/537.36"
[2026-08-09 18:23:49,524] root INFO [main:PlayerEndpoint:1268] Player connecting to lobby: scenario-lobby | type: 6
[2026-08-09 18:23:49,524] root INFO [main:PlayerEndpoint:1299] player connected from : 127.0.0.1
[2026-08-09 18:23:49,525] root INFO [main:PlayerEndpoint:1319] Player connected. Type: <UserType.OPEN: 2>
[2026-08-09 18:23:49,526] root INFO [main:receive_agent_updates:1191] receive_agent_updates(<Request GET /player_endpoint >, <WebSocketResponse Switching Protocols GET /player_endpoint >, <cb2game.server.lobbies.scenario_lobby.ScenarioLobby object at 0x10c7e3c70>)
[2026-08-09 18:23:49,543] cb2game.server.lobby INFO [lobby:handle_scenario_request:722] Scenario  does not exist. Cannot attach.
[2026-08-09 18:23:49,614] cb2game.server.lobby INFO [lobby:handle_scenario_request:722] Scenario  does not exist. Cannot attach.
[2026-08-09 18:23:49,671] cb2game.server.lobby INFO [lobby:handle_scenario_request:722] Scenario  does not exist. Cannot attach.
[2026-08-09 18:23:49,711] cb2game.server.lobbies.scenario_lobby INFO [scenario_lobby:handle_join_request:43] Received join request from <WebSocketResponse Switching Protocols GET /player_endpoint >.
[2026-08-09 18:23:49,731] cb2game.server.lobby INFO [lobby:handle_scenario_request:722] Scenario  does not exist. Cannot attach.
[2026-08-09 18:23:49,793] cb2game.server.lobby INFO [lobby:handle_scenario_request:722] Scenario  does not exist. Cannot attach.
[2026-08-09 18:23:49,846] cb2game.server.lobby INFO [lobby:handle_scenario_request:722] Scenario  does not exist. Cannot attach.
[2026-08-09 18:23:49,871] cb2game.server.lobby INFO [lobby:matchmake:311] Creating room for <WebSocketResponse Switching Protocols GET /player_endpoint >. Queue size: 0 Follower Queue: 0
fatal: not a git repository (or any of the parent directories): .git
[2026-08-09 18:23:49,914] cb2game.server.room INFO [room:__init__:70] Lobby object: <cb2game.server.lobbies.scenario_lobby.ScenarioLobby object at 0x10c7e3c70> | name: scenario-lobby | lobby type: 6 | typeinfo: <class 'cb2game.server.lobbies.scenario_lobby.ScenarioLobby'>
[2026-08-09 18:23:49,947] root INFO [room:start:282] Room 1 started game.
[2026-08-09 18:23:49,962] cb2game.server.lobby INFO [lobby:handle_scenario_request:717] room 1 has scenario 
[2026-08-09 18:23:49,965] cb2game.server.lobby INFO [lobby:drain_message:1012] Drained scenario response type ScenarioResponseType.LOADED for <WebSocketResponse Switching Protocols GET /player_endpoint >.
[2026-08-09 18:23:50,034] root INFO [main:receive_agent_updates:1228] ========== @@@@@@@@@ ############ $$$$$$$$$$$ Client exception: No server config found.
[2026-08-09 18:23:50,168] cb2game.server.room INFO [room:drain_messages:275] Received message type MessageType.SCENARIO_REQUEST for player 1.
[2026-08-09 18:23:50,523] aiohttp.access INFO [web_log:log:206] 127.0.0.1 [10/Aug/2026:01:23:50 +0000] "GET /data/config HTTP/1.1" 200 15213 "http://127.0.0.1:8080/play?lobby_name=scenario-lobby&auto=join_game_queue" "Mozilla/5.0 (Macintosh; Intel Mac OS X 10_15_7) AppleWebKit/537.36 (KHTML, like Gecko) Chrome/150.0.0.0 Safari/537.36"
[2026-08-09 18:23:50,540] cb2game.server.user_info_fetcher INFO [user_info_fetcher:handle_userinfo_request:46] User info request for 
[2026-08-09 18:23:50,540] root INFO [main:stream_game_state:1125] message: MessageFromServer(transmit_time=datetime.datetime(2026, 8, 10, 1, 23, 50, 540527), type=<MessageType.USER_INFO: 12>, actions=None, map_update=None, state=None, room_management_response=None, objectives=None, turn_state=None, tutorial_response=None, live_feedback=None, prop_update=None, state_machine_tick=None, google_auth_confirmation=None, user_info=UserInfo(user_name='', user_type=<UserType.OPEN: 2>), prop_spawn=None, prop_despawn=None, replay_response=None, scenario_response=None, menu_options=None, sound_trigger=None, feedback_question=None)
[2026-08-09 18:23:57,326] cb2game.server.room INFO [room:drain_messages:275] Received message type MessageType.ACTIONS for player 0.
[2026-08-09 18:23:57,342] cb2game.server.room INFO [room:drain_messages:275] Received message type MessageType.BUTTON_PRESS for player 0.
[2026-08-09 18:23:57,342] cb2game.server.state INFO [state:_drain_message:963] Received button press: KeyCode.DOWN
[2026-08-09 18:23:58,642] cb2game.server.room INFO [room:drain_messages:275] Received message type MessageType.ACTIONS for player 0.
[2026-08-09 18:23:58,658] cb2game.server.room INFO [room:drain_messages:275] Received message type MessageType.BUTTON_PRESS for player 0.
[2026-08-09 18:23:58,659] cb2game.server.state INFO [state:_drain_message:963] Received button press: KeyCode.UP
[2026-08-09 18:23:59,142] cb2game.server.room INFO [room:drain_messages:275] Received message type MessageType.ACTIONS for player 0.
[2026-08-09 18:23:59,158] cb2game.server.room INFO [room:drain_messages:275] Received message type MessageType.BUTTON_PRESS for player 0.
[2026-08-09 18:23:59,159] cb2game.server.state INFO [state:_drain_message:963] Received button press: KeyCode.RIGHT
[2026-08-09 18:23:59,960] cb2game.server.room INFO [room:drain_messages:275] Received message type MessageType.ACTIONS for player 0.
[2026-08-09 18:23:59,975] cb2game.server.room INFO [room:drain_messages:275] Received message type MessageType.BUTTON_PRESS for player 0.
[2026-08-09 18:23:59,976] cb2game.server.state INFO [state:_drain_message:963] Received button press: KeyCode.UP
[2026-08-09 18:24:00,542] cb2game.server.room INFO [room:drain_messages:275] Received message type MessageType.ACTIONS for player 0.
[2026-08-09 18:24:00,560] cb2game.server.room INFO [room:drain_messages:275] Received message type MessageType.BUTTON_PRESS for player 0.
[2026-08-09 18:24:00,560] cb2game.server.state INFO [state:_drain_message:963] Received button press: KeyCode.RIGHT
[2026-08-09 18:24:00,810] cb2game.server.room INFO [room:drain_messages:275] Received message type MessageType.ACTIONS for player 0.
[2026-08-09 18:24:00,826] cb2game.server.room INFO [room:drain_messages:275] Received message type MessageType.BUTTON_PRESS for player 0.
[2026-08-09 18:24:00,826] cb2game.server.state INFO [state:_drain_message:963] Received button press: KeyCode.RIGHT
[2026-08-09 18:24:05,612] cb2game.server.room INFO [room:drain_messages:275] Received message type MessageType.ACTIONS for player 0.
[2026-08-09 18:24:05,628] cb2game.server.room INFO [room:drain_messages:275] Received message type MessageType.BUTTON_PRESS for player 0.
[2026-08-09 18:24:05,628] cb2game.server.state INFO [state:_drain_message:963] Received button press: KeyCode.UP
[2026-08-09 18:24:06,445] cb2game.server.room INFO [room:drain_messages:275] Received message type MessageType.ACTIONS for player 0.
[2026-08-09 18:24:06,462] cb2game.server.room INFO [room:drain_messages:275] Received message type MessageType.BUTTON_PRESS for player 0.
[2026-08-09 18:24:06,462] cb2game.server.state INFO [state:_drain_message:963] Received button press: KeyCode.UP
[2026-08-09 18:24:07,163] cb2game.server.room INFO [room:drain_messages:275] Received message type MessageType.BUTTON_PRESS for player 0.
[2026-08-09 18:24:07,163] cb2game.server.state INFO [state:_drain_message:963] Received button press: KeyCode.S
[2026-08-09 18:24:07,163] cb2game.server.state INFO [state:_select_if_on_card:870] Selected card 93 with color: Color(r=0, g=0, b=1, a=1), selected: True
[2026-08-09 18:24:07,863] cb2game.server.room INFO [room:drain_messages:275] Received message type MessageType.ACTIONS for player 0.
[2026-08-09 18:24:07,880] cb2game.server.room INFO [room:drain_messages:275] Received message type MessageType.BUTTON_PRESS for player 0.
[2026-08-09 18:24:07,880] cb2game.server.state INFO [state:_drain_message:963] Received button press: KeyCode.DOWN
[2026-08-09 18:24:08,931] cb2game.server.room INFO [room:drain_messages:275] Received message type MessageType.ACTIONS for player 0.
[2026-08-09 18:24:08,946] cb2game.server.room INFO [room:drain_messages:275] Received message type MessageType.BUTTON_PRESS for player 0.
[2026-08-09 18:24:08,946] cb2game.server.state INFO [state:_drain_message:963] Received button press: KeyCode.LEFT
[2026-08-09 18:24:09,847] cb2game.server.room INFO [room:drain_messages:275] Received message type MessageType.ACTIONS for player 0.
[2026-08-09 18:24:09,863] cb2game.server.room INFO [room:drain_messages:275] Received message type MessageType.BUTTON_PRESS for player 0.
[2026-08-09 18:24:09,864] cb2game.server.state INFO [state:_drain_message:963] Received button press: KeyCode.UP
[2026-08-09 18:24:10,331] cb2game.server.room INFO [room:drain_messages:275] Received message type MessageType.ACTIONS for player 0.
[2026-08-09 18:24:10,347] cb2game.server.room INFO [room:drain_messages:275] Received message type MessageType.BUTTON_PRESS for player 0.
[2026-08-09 18:24:10,347] cb2game.server.state INFO [state:_drain_message:963] Received button press: KeyCode.DOWN
[2026-08-09 18:24:10,815] cb2game.server.room INFO [room:drain_messages:275] Received message type MessageType.ACTIONS for player 0.
[2026-08-09 18:24:10,831] cb2game.server.room INFO [room:drain_messages:275] Received message type MessageType.BUTTON_PRESS for player 0.
[2026-08-09 18:24:10,832] cb2game.server.state INFO [state:_drain_message:963] Received button press: KeyCode.RIGHT
[2026-08-09 18:24:11,648] cb2game.server.room INFO [room:drain_messages:275] Received message type MessageType.ACTIONS for player 0.
[2026-08-09 18:24:11,665] cb2game.server.room INFO [room:drain_messages:275] Received message type MessageType.BUTTON_PRESS for player 0.
[2026-08-09 18:24:11,665] cb2game.server.state INFO [state:_drain_message:963] Received button press: KeyCode.LEFT
[2026-08-09 18:24:12,082] cb2game.server.room INFO [room:drain_messages:275] Received message type MessageType.ACTIONS for player 0.
[2026-08-09 18:24:12,099] cb2game.server.room INFO [room:drain_messages:275] Received message type MessageType.BUTTON_PRESS for player 0.
[2026-08-09 18:24:12,099] cb2game.server.state INFO [state:_drain_message:963] Received button press: KeyCode.UP
[2026-08-09 18:24:12,449] cb2game.server.room INFO [room:drain_messages:275] Received message type MessageType.ACTIONS for player 0.
[2026-08-09 18:24:12,465] cb2game.server.room INFO [room:drain_messages:275] Received message type MessageType.BUTTON_PRESS for player 0.
[2026-08-09 18:24:12,465] cb2game.server.state INFO [state:_drain_message:963] Received button press: KeyCode.RIGHT
[2026-08-09 18:24:12,848] cb2game.server.room INFO [room:drain_messages:275] Received message type MessageType.ACTIONS for player 0.
[2026-08-09 18:24:12,866] cb2game.server.room INFO [room:drain_messages:275] Received message type MessageType.BUTTON_PRESS for player 0.
[2026-08-09 18:24:12,866] cb2game.server.state INFO [state:_drain_message:963] Received button press: KeyCode.UP
[2026-08-09 18:24:13,233] cb2game.server.room INFO [room:drain_messages:275] Received message type MessageType.ACTIONS for player 0.
[2026-08-09 18:24:13,249] cb2game.server.room INFO [room:drain_messages:275] Received message type MessageType.BUTTON_PRESS for player 0.
[2026-08-09 18:24:13,249] cb2game.server.state INFO [state:_drain_message:963] Received button press: KeyCode.LEFT
[2026-08-09 18:24:13,765] cb2game.server.room INFO [room:drain_messages:275] Received message type MessageType.ACTIONS for player 0.
[2026-08-09 18:24:13,783] cb2game.server.room INFO [room:drain_messages:275] Received message type MessageType.BUTTON_PRESS for player 0.
[2026-08-09 18:24:13,783] cb2game.server.state INFO [state:_drain_message:963] Received button press: KeyCode.UP
[2026-08-09 18:24:14,250] cb2game.server.room INFO [room:drain_messages:275] Received message type MessageType.ACTIONS for player 0.
[2026-08-09 18:24:14,266] cb2game.server.room INFO [room:drain_messages:275] Received message type MessageType.BUTTON_PRESS for player 0.
[2026-08-09 18:24:14,266] cb2game.server.state INFO [state:_drain_message:963] Received button press: KeyCode.LEFT
[2026-08-09 18:24:14,633] cb2game.server.room INFO [room:drain_messages:275] Received message type MessageType.ACTIONS for player 0.
[2026-08-09 18:24:14,649] cb2game.server.room INFO [room:drain_messages:275] Received message type MessageType.BUTTON_PRESS for player 0.
[2026-08-09 18:24:14,649] cb2game.server.state INFO [state:_drain_message:963] Received button press: KeyCode.UP
[2026-08-09 18:24:15,000] cb2game.server.room INFO [room:drain_messages:275] Received message type MessageType.ACTIONS for player 0.
[2026-08-09 18:24:15,016] cb2game.server.room INFO [room:drain_messages:275] Received message type MessageType.BUTTON_PRESS for player 0.
[2026-08-09 18:24:15,016] cb2game.server.state INFO [state:_drain_message:963] Received button press: KeyCode.RIGHT
[2026-08-09 18:24:15,783] cb2game.server.room INFO [room:drain_messages:275] Received message type MessageType.ACTIONS for player 0.
[2026-08-09 18:24:15,800] cb2game.server.room INFO [room:drain_messages:275] Received message type MessageType.BUTTON_PRESS for player 0.
[2026-08-09 18:24:15,800] cb2game.server.state INFO [state:_drain_message:963] Received button press: KeyCode.UP
[2026-08-09 18:24:16,151] cb2game.server.room INFO [room:drain_messages:275] Received message type MessageType.ACTIONS for player 0.
[2026-08-09 18:24:16,166] cb2game.server.room INFO [room:drain_messages:275] Received message type MessageType.BUTTON_PRESS for player 0.
[2026-08-09 18:24:16,166] cb2game.server.state INFO [state:_drain_message:963] Received button press: KeyCode.UP
[2026-08-09 18:24:16,500] cb2game.server.room INFO [room:drain_messages:275] Received message type MessageType.ACTIONS for player 0.
[2026-08-09 18:24:16,517] cb2game.server.room INFO [room:drain_messages:275] Received message type MessageType.BUTTON_PRESS for player 0.
[2026-08-09 18:24:16,518] cb2game.server.state INFO [state:_drain_message:963] Received button press: KeyCode.UP
[2026-08-09 18:24:17,035] cb2game.server.room INFO [room:drain_messages:275] Received message type MessageType.ACTIONS for player 0.
[2026-08-09 18:24:17,050] cb2game.server.room INFO [room:drain_messages:275] Received message type MessageType.BUTTON_PRESS for player 0.
[2026-08-09 18:24:17,050] cb2game.server.state INFO [state:_drain_message:963] Received button press: KeyCode.RIGHT
[2026-08-09 18:24:17,534] cb2game.server.room INFO [room:drain_messages:275] Received message type MessageType.ACTIONS for player 0.
[2026-08-09 18:24:17,551] cb2game.server.room INFO [room:drain_messages:275] Received message type MessageType.BUTTON_PRESS for player 0.
[2026-08-09 18:24:17,551] cb2game.server.state INFO [state:_drain_message:963] Received button press: KeyCode.UP
[2026-08-09 18:24:17,901] cb2game.server.room INFO [room:drain_messages:275] Received message type MessageType.ACTIONS for player 0.
[2026-08-09 18:24:17,917] cb2game.server.room INFO [room:drain_messages:275] Received message type MessageType.BUTTON_PRESS for player 0.
[2026-08-09 18:24:17,917] cb2game.server.state INFO [state:_drain_message:963] Received button press: KeyCode.UP
[2026-08-09 18:24:18,268] cb2game.server.room INFO [room:drain_messages:275] Received message type MessageType.ACTIONS for player 0.
[2026-08-09 18:24:18,284] cb2game.server.room INFO [room:drain_messages:275] Received message type MessageType.BUTTON_PRESS for player 0.
[2026-08-09 18:24:18,284] cb2game.server.state INFO [state:_drain_message:963] Received button press: KeyCode.UP
[2026-08-09 18:24:19,535] cb2game.server.room INFO [room:drain_messages:275] Received message type MessageType.ACTIONS for player 0.
[2026-08-09 18:24:19,552] cb2game.server.room INFO [room:drain_messages:275] Received message type MessageType.BUTTON_PRESS for player 0.
[2026-08-09 18:24:19,552] cb2game.server.state INFO [state:_drain_message:963] Received button press: KeyCode.RIGHT
[2026-08-09 18:24:21,586] cb2game.server.room INFO [room:drain_messages:275] Received message type MessageType.ACTIONS for player 0.
[2026-08-09 18:24:21,602] cb2game.server.room INFO [room:drain_messages:275] Received message type MessageType.BUTTON_PRESS for player 0.
[2026-08-09 18:24:21,602] cb2game.server.state INFO [state:_drain_message:963] Received button press: KeyCode.UP
[2026-08-09 18:24:21,953] cb2game.server.room INFO [room:drain_messages:275] Received message type MessageType.ACTIONS for player 0.
[2026-08-09 18:24:21,969] cb2game.server.room INFO [room:drain_messages:275] Received message type MessageType.BUTTON_PRESS for player 0.
[2026-08-09 18:24:21,969] cb2game.server.state INFO [state:_drain_message:963] Received button press: KeyCode.UP
[2026-08-09 18:24:22,319] cb2game.server.room INFO [room:drain_messages:275] Received message type MessageType.ACTIONS for player 0.
[2026-08-09 18:24:22,336] cb2game.server.room INFO [room:drain_messages:275] Received message type MessageType.BUTTON_PRESS for player 0.
[2026-08-09 18:24:22,336] cb2game.server.state INFO [state:_drain_message:963] Received button press: KeyCode.UP
[2026-08-09 18:24:22,687] cb2game.server.room INFO [room:drain_messages:275] Received message type MessageType.ACTIONS for player 0.
[2026-08-09 18:24:22,703] cb2game.server.room INFO [room:drain_messages:275] Received message type MessageType.BUTTON_PRESS for player 0.
[2026-08-09 18:24:22,703] cb2game.server.state INFO [state:_drain_message:963] Received button press: KeyCode.UP
[2026-08-09 18:24:23,237] cb2game.server.room INFO [room:drain_messages:275] Received message type MessageType.ACTIONS for player 0.
[2026-08-09 18:24:23,254] cb2game.server.room INFO [room:drain_messages:275] Received message type MessageType.BUTTON_PRESS for player 0.
[2026-08-09 18:24:23,254] cb2game.server.state INFO [state:_drain_message:963] Received button press: KeyCode.RIGHT
[2026-08-09 18:24:23,804] cb2game.server.room INFO [room:drain_messages:275] Received message type MessageType.ACTIONS for player 0.
[2026-08-09 18:24:23,820] cb2game.server.room INFO [room:drain_messages:275] Received message type MessageType.BUTTON_PRESS for player 0.
[2026-08-09 18:24:23,820] cb2game.server.state INFO [state:_drain_message:963] Received button press: KeyCode.UP
[2026-08-09 18:24:24,170] cb2game.server.room INFO [room:drain_messages:275] Received message type MessageType.ACTIONS for player 0.
[2026-08-09 18:24:24,187] cb2game.server.room INFO [room:drain_messages:275] Received message type MessageType.BUTTON_PRESS for player 0.
[2026-08-09 18:24:24,188] cb2game.server.state INFO [state:_drain_message:963] Received button press: KeyCode.UP
[2026-08-09 18:24:36,276] cb2game.server.room INFO [room:drain_messages:275] Received message type MessageType.ACTIONS for player 0.
[2026-08-09 18:24:36,293] cb2game.server.room INFO [room:drain_messages:275] Received message type MessageType.BUTTON_PRESS for player 0.
[2026-08-09 18:24:36,293] cb2game.server.state INFO [state:_drain_message:963] Received button press: KeyCode.UP
[2026-08-09 18:24:36,727] cb2game.server.room INFO [room:drain_messages:275] Received message type MessageType.ACTIONS for player 0.
[2026-08-09 18:24:36,743] cb2game.server.room INFO [room:drain_messages:275] Received message type MessageType.BUTTON_PRESS for player 0.
[2026-08-09 18:24:36,743] cb2game.server.state INFO [state:_drain_message:963] Received button press: KeyCode.RIGHT
[2026-08-09 18:24:37,177] cb2game.server.room INFO [room:drain_messages:275] Received message type MessageType.ACTIONS for player 0.
[2026-08-09 18:24:37,194] cb2game.server.room INFO [room:drain_messages:275] Received message type MessageType.BUTTON_PRESS for player 0.
[2026-08-09 18:24:37,194] cb2game.server.state INFO [state:_drain_message:963] Received button press: KeyCode.UP
[2026-08-09 18:24:37,610] cb2game.server.room INFO [room:drain_messages:275] Received message type MessageType.ACTIONS for player 0.
[2026-08-09 18:24:37,627] cb2game.server.room INFO [room:drain_messages:275] Received message type MessageType.BUTTON_PRESS for player 0.
[2026-08-09 18:24:37,627] cb2game.server.state INFO [state:_drain_message:963] Received button press: KeyCode.LEFT
[2026-08-09 18:24:37,944] cb2game.server.room INFO [room:drain_messages:275] Received message type MessageType.ACTIONS for player 0.
[2026-08-09 18:24:37,961] cb2game.server.room INFO [room:drain_messages:275] Received message type MessageType.BUTTON_PRESS for player 0.
[2026-08-09 18:24:37,961] cb2game.server.state INFO [state:_drain_message:963] Received button press: KeyCode.UP
[2026-08-09 18:24:38,327] cb2game.server.room INFO [room:drain_messages:275] Received message type MessageType.ACTIONS for player 0.
[2026-08-09 18:24:38,344] cb2game.server.room INFO [room:drain_messages:275] Received message type MessageType.BUTTON_PRESS for player 0.
[2026-08-09 18:24:38,344] cb2game.server.state INFO [state:_drain_message:963] Received button press: KeyCode.RIGHT
[2026-08-09 18:24:38,844] cb2game.server.room INFO [room:drain_messages:275] Received message type MessageType.ACTIONS for player 0.
[2026-08-09 18:24:38,860] cb2game.server.room INFO [room:drain_messages:275] Received message type MessageType.BUTTON_PRESS for player 0.
[2026-08-09 18:24:38,860] cb2game.server.state INFO [state:_drain_message:963] Received button press: KeyCode.UP
[2026-08-09 18:24:39,394] cb2game.server.room INFO [room:drain_messages:275] Received message type MessageType.ACTIONS for player 0.
[2026-08-09 18:24:39,411] cb2game.server.room INFO [room:drain_messages:275] Received message type MessageType.BUTTON_PRESS for player 0.
[2026-08-09 18:24:39,411] cb2game.server.state INFO [state:_drain_message:963] Received button press: KeyCode.UP
[2026-08-09 18:24:40,078] cb2game.server.room INFO [room:drain_messages:275] Received message type MessageType.ACTIONS for player 0.
[2026-08-09 18:24:40,094] cb2game.server.room INFO [room:drain_messages:275] Received message type MessageType.BUTTON_PRESS for player 0.
[2026-08-09 18:24:40,094] cb2game.server.state INFO [state:_drain_message:963] Received button press: KeyCode.UP
[2026-08-09 18:24:41,179] cb2game.server.room INFO [room:drain_messages:275] Received message type MessageType.ACTIONS for player 0.
[2026-08-09 18:24:41,195] cb2game.server.room INFO [room:drain_messages:275] Received message type MessageType.BUTTON_PRESS for player 0.
[2026-08-09 18:24:41,195] cb2game.server.state INFO [state:_drain_message:963] Received button press: KeyCode.RIGHT
[2026-08-09 18:24:41,674] cb2game.server.client_exception_logger INFO [client_exception_logger:save_exceptions_to_db:41] Saving 1 exceptions to DB.
[2026-08-09 18:24:41,895] cb2game.server.room INFO [room:drain_messages:275] Received message type MessageType.ACTIONS for player 0.
[2026-08-09 18:24:41,912] cb2game.server.room INFO [room:drain_messages:275] Received message type MessageType.BUTTON_PRESS for player 0.
[2026-08-09 18:24:41,912] cb2game.server.state INFO [state:_drain_message:963] Received button press: KeyCode.LEFT
[2026-08-09 18:24:42,462] cb2game.server.room INFO [room:drain_messages:275] Received message type MessageType.ACTIONS for player 0.
[2026-08-09 18:24:42,480] cb2game.server.room INFO [room:drain_messages:275] Received message type MessageType.BUTTON_PRESS for player 0.
[2026-08-09 18:24:42,481] cb2game.server.state INFO [state:_drain_message:963] Received button press: KeyCode.UP
[2026-08-09 18:24:43,230] cb2game.server.room INFO [room:drain_messages:275] Received message type MessageType.ACTIONS for player 0.
[2026-08-09 18:24:43,246] cb2game.server.room INFO [room:drain_messages:275] Received message type MessageType.BUTTON_PRESS for player 0.
[2026-08-09 18:24:43,246] cb2game.server.state INFO [state:_drain_message:963] Received button press: KeyCode.RIGHT
[2026-08-09 18:24:43,513] cb2game.server.room INFO [room:drain_messages:275] Received message type MessageType.ACTIONS for player 0.
[2026-08-09 18:24:43,530] cb2game.server.room INFO [room:drain_messages:275] Received message type MessageType.BUTTON_PRESS for player 0.
[2026-08-09 18:24:43,530] cb2game.server.state INFO [state:_drain_message:963] Received button press: KeyCode.RIGHT
[2026-08-09 18:24:44,430] cb2game.server.room INFO [room:drain_messages:275] Received message type MessageType.ACTIONS for player 0.
[2026-08-09 18:24:44,446] cb2game.server.room INFO [room:drain_messages:275] Received message type MessageType.BUTTON_PRESS for player 0.
[2026-08-09 18:24:44,446] cb2game.server.state INFO [state:_drain_message:963] Received button press: KeyCode.LEFT
[2026-08-09 18:24:45,063] cb2game.server.room INFO [room:drain_messages:275] Received message type MessageType.ACTIONS for player 0.
[2026-08-09 18:24:45,080] cb2game.server.room INFO [room:drain_messages:275] Received message type MessageType.BUTTON_PRESS for player 0.
[2026-08-09 18:24:45,080] cb2game.server.state INFO [state:_drain_message:963] Received button press: KeyCode.UP
[2026-08-09 18:24:45,414] cb2game.server.room INFO [room:drain_messages:275] Received message type MessageType.ACTIONS for player 0.
[2026-08-09 18:24:45,430] cb2game.server.room INFO [room:drain_messages:275] Received message type MessageType.BUTTON_PRESS for player 0.
[2026-08-09 18:24:45,430] cb2game.server.state INFO [state:_drain_message:963] Received button press: KeyCode.UP
[2026-08-09 18:24:45,897] cb2game.server.room INFO [room:drain_messages:275] Received message type MessageType.ACTIONS for player 0.
[2026-08-09 18:24:45,914] cb2game.server.room INFO [room:drain_messages:275] Received message type MessageType.BUTTON_PRESS for player 0.
[2026-08-09 18:24:45,914] cb2game.server.state INFO [state:_drain_message:963] Received button press: KeyCode.RIGHT
[2026-08-09 18:24:46,181] cb2game.server.room INFO [room:drain_messages:275] Received message type MessageType.ACTIONS for player 0.
[2026-08-09 18:24:46,197] cb2game.server.room INFO [room:drain_messages:275] Received message type MessageType.BUTTON_PRESS for player 0.
[2026-08-09 18:24:46,197] cb2game.server.state INFO [state:_drain_message:963] Received button press: KeyCode.RIGHT
[2026-08-09 18:24:47,615] cb2game.server.room INFO [room:drain_messages:275] Received message type MessageType.ACTIONS for player 0.
[2026-08-09 18:24:47,632] cb2game.server.room INFO [room:drain_messages:275] Received message type MessageType.BUTTON_PRESS for player 0.
[2026-08-09 18:24:47,632] cb2game.server.state INFO [state:_drain_message:963] Received button press: KeyCode.RIGHT
[2026-08-09 18:24:48,715] cb2game.server.room INFO [room:drain_messages:275] Received message type MessageType.ACTIONS for player 0.
[2026-08-09 18:24:48,732] cb2game.server.room INFO [room:drain_messages:275] Received message type MessageType.BUTTON_PRESS for player 0.
[2026-08-09 18:24:48,732] cb2game.server.state INFO [state:_drain_message:963] Received button press: KeyCode.UP
[2026-08-09 18:24:49,065] cb2game.server.room INFO [room:drain_messages:275] Received message type MessageType.ACTIONS for player 0.
[2026-08-09 18:24:49,082] cb2game.server.room INFO [room:drain_messages:275] Received message type MessageType.BUTTON_PRESS for player 0.
[2026-08-09 18:24:49,082] cb2game.server.state INFO [state:_drain_message:963] Received button press: KeyCode.UP
[2026-08-09 18:24:49,415] cb2game.server.room INFO [room:drain_messages:275] Received message type MessageType.ACTIONS for player 0.
[2026-08-09 18:24:49,432] cb2game.server.room INFO [room:drain_messages:275] Received message type MessageType.BUTTON_PRESS for player 0.
[2026-08-09 18:24:49,432] cb2game.server.state INFO [state:_drain_message:963] Received button press: KeyCode.UP
[2026-08-09 18:24:49,782] cb2game.server.room INFO [room:drain_messages:275] Received message type MessageType.ACTIONS for player 0.
[2026-08-09 18:24:49,799] cb2game.server.room INFO [room:drain_messages:275] Received message type MessageType.BUTTON_PRESS for player 0.
[2026-08-09 18:24:49,800] cb2game.server.state INFO [state:_drain_message:963] Received button press: KeyCode.UP
[2026-08-09 18:24:50,132] cb2game.server.room INFO [room:drain_messages:275] Received message type MessageType.ACTIONS for player 0.
[2026-08-09 18:24:50,149] cb2game.server.room INFO [room:drain_messages:275] Received message type MessageType.BUTTON_PRESS for player 0.
[2026-08-09 18:24:50,149] cb2game.server.state INFO [state:_drain_message:963] Received button press: KeyCode.UP
[2026-08-09 18:24:50,500] cb2game.server.room INFO [room:drain_messages:275] Received message type MessageType.ACTIONS for player 0.
[2026-08-09 18:24:50,517] cb2game.server.room INFO [room:drain_messages:275] Received message type MessageType.BUTTON_PRESS for player 0.
[2026-08-09 18:24:50,517] cb2game.server.state INFO [state:_drain_message:963] Received button press: KeyCode.LEFT
[2026-08-09 18:24:51,166] cb2game.server.room INFO [room:drain_messages:275] Received message type MessageType.ACTIONS for player 0.
[2026-08-09 18:24:51,183] cb2game.server.room INFO [room:drain_messages:275] Received message type MessageType.BUTTON_PRESS for player 0.
[2026-08-09 18:24:51,184] cb2game.server.state INFO [state:_drain_message:963] Received button press: KeyCode.UP
[2026-08-09 18:24:51,517] cb2game.server.room INFO [room:drain_messages:275] Received message type MessageType.ACTIONS for player 0.
[2026-08-09 18:24:51,534] cb2game.server.room INFO [room:drain_messages:275] Received message type MessageType.BUTTON_PRESS for player 0.
[2026-08-09 18:24:51,534] cb2game.server.state INFO [state:_drain_message:963] Received button press: KeyCode.UP
[2026-08-09 18:24:52,318] cb2game.server.room INFO [room:drain_messages:275] Received message type MessageType.ACTIONS for player 0.
[2026-08-09 18:24:52,334] cb2game.server.room INFO [room:drain_messages:275] Received message type MessageType.BUTTON_PRESS for player 0.
[2026-08-09 18:24:52,334] cb2game.server.state INFO [state:_drain_message:963] Received button press: KeyCode.LEFT
[2026-08-09 18:24:52,750] cb2game.server.room INFO [room:drain_messages:275] Received message type MessageType.ACTIONS for player 0.
[2026-08-09 18:24:52,768] cb2game.server.room INFO [room:drain_messages:275] Received message type MessageType.BUTTON_PRESS for player 0.
[2026-08-09 18:24:52,768] cb2game.server.state INFO [state:_drain_message:963] Received button press: KeyCode.UP
[2026-08-09 18:24:53,300] cb2game.server.room INFO [room:drain_messages:275] Received message type MessageType.ACTIONS for player 0.
[2026-08-09 18:24:53,317] cb2game.server.room INFO [room:drain_messages:275] Received message type MessageType.BUTTON_PRESS for player 0.
[2026-08-09 18:24:53,318] cb2game.server.state INFO [state:_drain_message:963] Received button press: KeyCode.RIGHT
[2026-08-09 18:24:53,718] cb2game.server.room INFO [room:drain_messages:275] Received message type MessageType.ACTIONS for player 0.
[2026-08-09 18:24:53,734] cb2game.server.room INFO [room:drain_messages:275] Received message type MessageType.BUTTON_PRESS for player 0.
[2026-08-09 18:24:53,734] cb2game.server.state INFO [state:_drain_message:963] Received button press: KeyCode.UP
[2026-08-09 18:24:54,185] cb2game.server.room INFO [room:drain_messages:275] Received message type MessageType.ACTIONS for player 0.
[2026-08-09 18:24:54,201] cb2game.server.room INFO [room:drain_messages:275] Received message type MessageType.BUTTON_PRESS for player 0.
[2026-08-09 18:24:54,201] cb2game.server.state INFO [state:_drain_message:963] Received button press: KeyCode.LEFT
[2026-08-09 18:24:54,668] cb2game.server.room INFO [room:drain_messages:275] Received message type MessageType.ACTIONS for player 0.
[2026-08-09 18:24:54,685] cb2game.server.room INFO [room:drain_messages:275] Received message type MessageType.BUTTON_PRESS for player 0.
[2026-08-09 18:24:54,685] cb2game.server.state INFO [state:_drain_message:963] Received button press: KeyCode.UP
[2026-08-09 18:24:55,452] cb2game.server.room INFO [room:drain_messages:275] Received message type MessageType.ACTIONS for player 0.
[2026-08-09 18:24:55,468] cb2game.server.room INFO [room:drain_messages:275] Received message type MessageType.BUTTON_PRESS for player 0.
[2026-08-09 18:24:55,468] cb2game.server.state INFO [state:_drain_message:963] Received button press: KeyCode.RIGHT
[2026-08-09 18:24:55,786] cb2game.server.room INFO [room:drain_messages:275] Received message type MessageType.ACTIONS for player 0.
[2026-08-09 18:24:55,802] cb2game.server.room INFO [room:drain_messages:275] Received message type MessageType.BUTTON_PRESS for player 0.
[2026-08-09 18:24:55,802] cb2game.server.state INFO [state:_drain_message:963] Received button press: KeyCode.UP
[2026-08-09 18:24:56,252] cb2game.server.room INFO [room:drain_messages:275] Received message type MessageType.ACTIONS for player 0.
[2026-08-09 18:24:56,269] cb2game.server.room INFO [room:drain_messages:275] Received message type MessageType.BUTTON_PRESS for player 0.
[2026-08-09 18:24:56,269] cb2game.server.state INFO [state:_drain_message:963] Received button press: KeyCode.LEFT
[2026-08-09 18:24:56,836] cb2game.server.room INFO [room:drain_messages:275] Received message type MessageType.ACTIONS for player 0.
[2026-08-09 18:24:56,853] cb2game.server.room INFO [room:drain_messages:275] Received message type MessageType.BUTTON_PRESS for player 0.
[2026-08-09 18:24:56,853] cb2game.server.state INFO [state:_drain_message:963] Received button press: KeyCode.UP
[2026-08-09 18:24:57,203] cb2game.server.room INFO [room:drain_messages:275] Received message type MessageType.ACTIONS for player 0.
[2026-08-09 18:24:57,220] cb2game.server.room INFO [room:drain_messages:275] Received message type MessageType.BUTTON_PRESS for player 0.
[2026-08-09 18:24:57,220] cb2game.server.state INFO [state:_drain_message:963] Received button press: KeyCode.RIGHT
[2026-08-09 18:24:57,702] cb2game.server.room INFO [room:drain_messages:275] Received message type MessageType.ACTIONS for player 0.
[2026-08-09 18:24:57,720] cb2game.server.room INFO [room:drain_messages:275] Received message type MessageType.BUTTON_PRESS for player 0.
[2026-08-09 18:24:57,720] cb2game.server.state INFO [state:_drain_message:963] Received button press: KeyCode.UP
[2026-08-09 18:24:58,137] cb2game.server.room INFO [room:drain_messages:275] Received message type MessageType.ACTIONS for player 0.
[2026-08-09 18:24:58,153] cb2game.server.room INFO [room:drain_messages:275] Received message type MessageType.BUTTON_PRESS for player 0.
[2026-08-09 18:24:58,153] cb2game.server.state INFO [state:_drain_message:963] Received button press: KeyCode.LEFT
[2026-08-09 18:24:58,736] cb2game.server.room INFO [room:drain_messages:275] Received message type MessageType.ACTIONS for player 0.
[2026-08-09 18:24:58,754] cb2game.server.room INFO [room:drain_messages:275] Received message type MessageType.BUTTON_PRESS for player 0.
[2026-08-09 18:24:58,754] cb2game.server.state INFO [state:_drain_message:963] Received button press: KeyCode.UP
[2026-08-09 18:24:59,237] cb2game.server.room INFO [room:drain_messages:275] Received message type MessageType.ACTIONS for player 0.
[2026-08-09 18:24:59,253] cb2game.server.room INFO [room:drain_messages:275] Received message type MessageType.BUTTON_PRESS for player 0.
[2026-08-09 18:24:59,253] cb2game.server.state INFO [state:_drain_message:963] Received button press: KeyCode.LEFT
[2026-08-09 18:25:00,270] cb2game.server.room INFO [room:drain_messages:275] Received message type MessageType.ACTIONS for player 0.
[2026-08-09 18:25:00,288] cb2game.server.room INFO [room:drain_messages:275] Received message type MessageType.BUTTON_PRESS for player 0.
[2026-08-09 18:25:00,288] cb2game.server.state INFO [state:_drain_message:963] Received button press: KeyCode.LEFT
[2026-08-09 18:25:00,538] cb2game.server.room INFO [room:drain_messages:275] Received message type MessageType.ACTIONS for player 0.
[2026-08-09 18:25:00,554] cb2game.server.room INFO [room:drain_messages:275] Received message type MessageType.BUTTON_PRESS for player 0.
[2026-08-09 18:25:00,555] cb2game.server.state INFO [state:_drain_message:963] Received button press: KeyCode.LEFT
[2026-08-09 18:25:01,104] cb2game.server.room INFO [room:drain_messages:275] Received message type MessageType.ACTIONS for player 0.
[2026-08-09 18:25:01,121] cb2game.server.room INFO [room:drain_messages:275] Received message type MessageType.BUTTON_PRESS for player 0.
[2026-08-09 18:25:01,121] cb2game.server.state INFO [state:_drain_message:963] Received button press: KeyCode.UP
[2026-08-09 18:25:01,471] cb2game.server.room INFO [room:drain_messages:275] Received message type MessageType.ACTIONS for player 0.
[2026-08-09 18:25:01,488] cb2game.server.room INFO [room:drain_messages:275] Received message type MessageType.BUTTON_PRESS for player 0.
[2026-08-09 18:25:01,488] cb2game.server.state INFO [state:_drain_message:963] Received button press: KeyCode.UP
[2026-08-09 18:25:01,972] cb2game.server.room INFO [room:drain_messages:275] Received message type MessageType.ACTIONS for player 0.
[2026-08-09 18:25:01,988] cb2game.server.room INFO [room:drain_messages:275] Received message type MessageType.BUTTON_PRESS for player 0.
[2026-08-09 18:25:01,988] cb2game.server.state INFO [state:_drain_message:963] Received button press: KeyCode.RIGHT
[2026-08-09 18:25:02,472] cb2game.server.room INFO [room:drain_messages:275] Received message type MessageType.ACTIONS for player 0.
[2026-08-09 18:25:02,489] cb2game.server.room INFO [room:drain_messages:275] Received message type MessageType.BUTTON_PRESS for player 0.
[2026-08-09 18:25:02,489] cb2game.server.state INFO [state:_drain_message:963] Received button press: KeyCode.UP
[2026-08-09 18:25:02,838] cb2game.server.room INFO [room:drain_messages:275] Received message type MessageType.ACTIONS for player 0.
[2026-08-09 18:25:02,855] cb2game.server.room INFO [room:drain_messages:275] Received message type MessageType.BUTTON_PRESS for player 0.
[2026-08-09 18:25:02,855] cb2game.server.state INFO [state:_drain_message:963] Received button press: KeyCode.RIGHT
[2026-08-09 18:25:03,373] cb2game.server.room INFO [room:drain_messages:275] Received message type MessageType.ACTIONS for player 0.
[2026-08-09 18:25:03,389] cb2game.server.room INFO [room:drain_messages:275] Received message type MessageType.BUTTON_PRESS for player 0.
[2026-08-09 18:25:03,389] cb2game.server.state INFO [state:_drain_message:963] Received button press: KeyCode.UP
[2026-08-09 18:25:03,739] cb2game.server.room INFO [room:drain_messages:275] Received message type MessageType.ACTIONS for player 0.
[2026-08-09 18:25:03,755] cb2game.server.room INFO [room:drain_messages:275] Received message type MessageType.BUTTON_PRESS for player 0.
[2026-08-09 18:25:03,755] cb2game.server.state INFO [state:_drain_message:963] Received button press: KeyCode.UP
[2026-08-09 18:25:04,372] cb2game.server.room INFO [room:drain_messages:275] Received message type MessageType.ACTIONS for player 0.
[2026-08-09 18:25:04,390] cb2game.server.room INFO [room:drain_messages:275] Received message type MessageType.BUTTON_PRESS for player 0.
[2026-08-09 18:25:04,390] cb2game.server.state INFO [state:_drain_message:963] Received button press: KeyCode.RIGHT
[2026-08-09 18:25:05,040] cb2game.server.room INFO [room:drain_messages:275] Received message type MessageType.ACTIONS for player 0.
[2026-08-09 18:25:05,056] cb2game.server.room INFO [room:drain_messages:275] Received message type MessageType.BUTTON_PRESS for player 0.
[2026-08-09 18:25:05,056] cb2game.server.state INFO [state:_drain_message:963] Received button press: KeyCode.UP
[2026-08-09 18:25:05,406] cb2game.server.room INFO [room:drain_messages:275] Received message type MessageType.ACTIONS for player 0.
[2026-08-09 18:25:05,423] cb2game.server.room INFO [room:drain_messages:275] Received message type MessageType.BUTTON_PRESS for player 0.
[2026-08-09 18:25:05,424] cb2game.server.state INFO [state:_drain_message:963] Received button press: KeyCode.UP
[2026-08-09 18:25:05,757] cb2game.server.room INFO [room:drain_messages:275] Received message type MessageType.ACTIONS for player 0.
[2026-08-09 18:25:05,773] cb2game.server.room INFO [room:drain_messages:275] Received message type MessageType.BUTTON_PRESS for player 0.
[2026-08-09 18:25:05,773] cb2game.server.state INFO [state:_drain_message:963] Received button press: KeyCode.UP
[2026-08-09 18:25:16,779] cb2game.server.room INFO [room:drain_messages:275] Received message type MessageType.ACTIONS for player 0.
[2026-08-09 18:25:16,796] cb2game.server.room INFO [room:drain_messages:275] Received message type MessageType.BUTTON_PRESS for player 0.
[2026-08-09 18:25:16,796] cb2game.server.state INFO [state:_drain_message:963] Received button press: KeyCode.UP
[2026-08-09 18:25:17,195] cb2game.server.room INFO [room:drain_messages:275] Received message type MessageType.ACTIONS for player 0.
[2026-08-09 18:25:17,211] cb2game.server.room INFO [room:drain_messages:275] Received message type MessageType.BUTTON_PRESS for player 0.
[2026-08-09 18:25:17,211] cb2game.server.state INFO [state:_drain_message:963] Received button press: KeyCode.LEFT
[2026-08-09 18:25:17,845] cb2game.server.room INFO [room:drain_messages:275] Received message type MessageType.ACTIONS for player 0.
[2026-08-09 18:25:17,862] cb2game.server.room INFO [room:drain_messages:275] Received message type MessageType.BUTTON_PRESS for player 0.
[2026-08-09 18:25:17,863] cb2game.server.state INFO [state:_drain_message:963] Received button press: KeyCode.UP
[2026-08-09 18:25:18,213] cb2game.server.room INFO [room:drain_messages:275] Received message type MessageType.ACTIONS for player 0.
[2026-08-09 18:25:18,228] cb2game.server.room INFO [room:drain_messages:275] Received message type MessageType.BUTTON_PRESS for player 0.
[2026-08-09 18:25:18,229] cb2game.server.state INFO [state:_drain_message:963] Received button press: KeyCode.UP
[2026-08-09 18:25:18,962] cb2game.server.room INFO [room:drain_messages:275] Received message type MessageType.ACTIONS for player 0.
[2026-08-09 18:25:18,980] cb2game.server.room INFO [room:drain_messages:275] Received message type MessageType.BUTTON_PRESS for player 0.
[2026-08-09 18:25:18,980] cb2game.server.state INFO [state:_drain_message:963] Received button press: KeyCode.LEFT
[2026-08-09 18:25:19,547] cb2game.server.room INFO [room:drain_messages:275] Received message type MessageType.ACTIONS for player 0.
[2026-08-09 18:25:19,563] cb2game.server.room INFO [room:drain_messages:275] Received message type MessageType.BUTTON_PRESS for player 0.
[2026-08-09 18:25:19,563] cb2game.server.state INFO [state:_drain_message:963] Received button press: KeyCode.UP
[2026-08-09 18:25:19,914] cb2game.server.room INFO [room:drain_messages:275] Received message type MessageType.ACTIONS for player 0.
[2026-08-09 18:25:19,929] cb2game.server.room INFO [room:drain_messages:275] Received message type MessageType.BUTTON_PRESS for player 0.
[2026-08-09 18:25:19,929] cb2game.server.state INFO [state:_drain_message:963] Received button press: KeyCode.RIGHT
[2026-08-09 18:25:20,196] cb2game.server.room INFO [room:drain_messages:275] Received message type MessageType.ACTIONS for player 0.
[2026-08-09 18:25:20,249] cb2game.server.room INFO [room:drain_messages:275] Received message type MessageType.BUTTON_PRESS for player 0.
[2026-08-09 18:25:20,249] cb2game.server.state INFO [state:_drain_message:963] Received button press: KeyCode.UP
[2026-08-09 18:25:20,580] cb2game.server.room INFO [room:drain_messages:275] Received message type MessageType.BUTTON_PRESS for player 0.
[2026-08-09 18:25:20,580] cb2game.server.state INFO [state:_drain_message:963] Received button press: KeyCode.S
[2026-08-09 18:25:20,581] cb2game.server.state INFO [state:_select_if_on_card:860] Replaced previous fMRI card selection 93 with 33.
[2026-08-09 18:25:20,581] cb2game.server.state INFO [state:_select_if_on_card:870] Selected card 33 with color: Color(r=0, g=0, b=1, a=1), selected: True
[2026-08-09 18:25:20,582] cb2game.server.state INFO [state:_advance_fmri_instruction:906] Correct fMRI target selected; advanced to next instruction.
[2026-08-09 18:25:25,783] cb2game.server.room INFO [room:drain_messages:275] Received message type MessageType.ACTIONS for player 0.
[2026-08-09 18:25:25,799] cb2game.server.room INFO [room:drain_messages:275] Received message type MessageType.BUTTON_PRESS for player 0.
[2026-08-09 18:25:25,799] cb2game.server.state INFO [state:_drain_message:963] Received button press: KeyCode.RIGHT
[2026-08-09 18:25:26,683] cb2game.server.room INFO [room:drain_messages:275] Received message type MessageType.ACTIONS for player 0.
[2026-08-09 18:25:26,700] cb2game.server.room INFO [room:drain_messages:275] Received message type MessageType.BUTTON_PRESS for player 0.
[2026-08-09 18:25:26,700] cb2game.server.state INFO [state:_drain_message:963] Received button press: KeyCode.UP
[2026-08-09 18:25:27,050] cb2game.server.room INFO [room:drain_messages:275] Received message type MessageType.ACTIONS for player 0.
[2026-08-09 18:25:27,067] cb2game.server.room INFO [room:drain_messages:275] Received message type MessageType.BUTTON_PRESS for player 0.
[2026-08-09 18:25:27,067] cb2game.server.state INFO [state:_drain_message:963] Received button press: KeyCode.UP
[2026-08-09 18:25:27,416] cb2game.server.room INFO [room:drain_messages:275] Received message type MessageType.ACTIONS for player 0.
[2026-08-09 18:25:27,433] cb2game.server.room INFO [room:drain_messages:275] Received message type MessageType.BUTTON_PRESS for player 0.
[2026-08-09 18:25:27,433] cb2game.server.state INFO [state:_drain_message:963] Received button press: KeyCode.UP
[2026-08-09 18:25:27,783] cb2game.server.room INFO [room:drain_messages:275] Received message type MessageType.ACTIONS for player 0.
[2026-08-09 18:25:27,800] cb2game.server.room INFO [room:drain_messages:275] Received message type MessageType.BUTTON_PRESS for player 0.
[2026-08-09 18:25:27,800] cb2game.server.state INFO [state:_drain_message:963] Received button press: KeyCode.LEFT
[2026-08-09 18:25:28,783] cb2game.server.room INFO [room:drain_messages:275] Received message type MessageType.ACTIONS for player 0.
[2026-08-09 18:25:28,800] cb2game.server.room INFO [room:drain_messages:275] Received message type MessageType.BUTTON_PRESS for player 0.
[2026-08-09 18:25:28,800] cb2game.server.state INFO [state:_drain_message:963] Received button press: KeyCode.UP
[2026-08-09 18:25:29,150] cb2game.server.room INFO [room:drain_messages:275] Received message type MessageType.ACTIONS for player 0.
[2026-08-09 18:25:29,167] cb2game.server.room INFO [room:drain_messages:275] Received message type MessageType.BUTTON_PRESS for player 0.
[2026-08-09 18:25:29,167] cb2game.server.state INFO [state:_drain_message:963] Received button press: KeyCode.UP
[2026-08-09 18:25:30,734] cb2game.server.room INFO [room:drain_messages:275] Received message type MessageType.ACTIONS for player 0.
[2026-08-09 18:25:30,752] cb2game.server.room INFO [room:drain_messages:275] Received message type MessageType.BUTTON_PRESS for player 0.
[2026-08-09 18:25:30,752] cb2game.server.state INFO [state:_drain_message:963] Received button press: KeyCode.LEFT
[2026-08-09 18:25:31,635] cb2game.server.room INFO [room:drain_messages:275] Received message type MessageType.ACTIONS for player 0.
[2026-08-09 18:25:31,651] cb2game.server.room INFO [room:drain_messages:275] Received message type MessageType.BUTTON_PRESS for player 0.
[2026-08-09 18:25:31,652] cb2game.server.state INFO [state:_drain_message:963] Received button press: KeyCode.LEFT
[2026-08-09 18:25:32,485] cb2game.server.room INFO [room:drain_messages:275] Received message type MessageType.ACTIONS for player 0.
[2026-08-09 18:25:32,502] cb2game.server.room INFO [room:drain_messages:275] Received message type MessageType.BUTTON_PRESS for player 0.
[2026-08-09 18:25:32,502] cb2game.server.state INFO [state:_drain_message:963] Received button press: KeyCode.UP
[2026-08-09 18:25:32,835] cb2game.server.room INFO [room:drain_messages:275] Received message type MessageType.ACTIONS for player 0.
[2026-08-09 18:25:32,853] cb2game.server.room INFO [room:drain_messages:275] Received message type MessageType.BUTTON_PRESS for player 0.
[2026-08-09 18:25:32,853] cb2game.server.state INFO [state:_drain_message:963] Received button press: KeyCode.UP
[2026-08-09 18:25:33,202] cb2game.server.room INFO [room:drain_messages:275] Received message type MessageType.ACTIONS for player 0.
[2026-08-09 18:25:33,219] cb2game.server.room INFO [room:drain_messages:275] Received message type MessageType.BUTTON_PRESS for player 0.
[2026-08-09 18:25:33,219] cb2game.server.state INFO [state:_drain_message:963] Received button press: KeyCode.RIGHT
[2026-08-09 18:25:33,653] cb2game.server.room INFO [room:drain_messages:275] Received message type MessageType.ACTIONS for player 0.
[2026-08-09 18:25:33,669] cb2game.server.room INFO [room:drain_messages:275] Received message type MessageType.BUTTON_PRESS for player 0.
[2026-08-09 18:25:33,669] cb2game.server.state INFO [state:_drain_message:963] Received button press: KeyCode.UP
[2026-08-09 18:25:34,020] cb2game.server.room INFO [room:drain_messages:275] Received message type MessageType.ACTIONS for player 0.
[2026-08-09 18:25:34,037] cb2game.server.room INFO [room:drain_messages:275] Received message type MessageType.BUTTON_PRESS for player 0.
[2026-08-09 18:25:34,037] cb2game.server.state INFO [state:_drain_message:963] Received button press: KeyCode.LEFT
[2026-08-09 18:25:34,619] cb2game.server.room INFO [room:drain_messages:275] Received message type MessageType.ACTIONS for player 0.
[2026-08-09 18:25:34,636] cb2game.server.room INFO [room:drain_messages:275] Received message type MessageType.BUTTON_PRESS for player 0.
[2026-08-09 18:25:34,636] cb2game.server.state INFO [state:_drain_message:963] Received button press: KeyCode.UP
[2026-08-09 18:25:34,986] cb2game.server.room INFO [room:drain_messages:275] Received message type MessageType.ACTIONS for player 0.
[2026-08-09 18:25:35,003] cb2game.server.room INFO [room:drain_messages:275] Received message type MessageType.BUTTON_PRESS for player 0.
[2026-08-09 18:25:35,003] cb2game.server.state INFO [state:_drain_message:963] Received button press: KeyCode.UP
[2026-08-09 18:25:35,337] cb2game.server.room INFO [room:drain_messages:275] Received message type MessageType.ACTIONS for player 0.
[2026-08-09 18:25:35,353] cb2game.server.room INFO [room:drain_messages:275] Received message type MessageType.BUTTON_PRESS for player 0.
[2026-08-09 18:25:35,353] cb2game.server.state INFO [state:_drain_message:963] Received button press: KeyCode.UP
[2026-08-09 18:25:36,254] cb2game.server.room INFO [room:drain_messages:275] Received message type MessageType.ACTIONS for player 0.
[2026-08-09 18:25:36,271] cb2game.server.room INFO [room:drain_messages:275] Received message type MessageType.BUTTON_PRESS for player 0.
[2026-08-09 18:25:36,271] cb2game.server.state INFO [state:_drain_message:963] Received button press: KeyCode.RIGHT
[2026-08-09 18:25:37,972] cb2game.server.room INFO [room:drain_messages:275] Received message type MessageType.ACTIONS for player 0.
[2026-08-09 18:25:37,989] cb2game.server.room INFO [room:drain_messages:275] Received message type MessageType.BUTTON_PRESS for player 0.
[2026-08-09 18:25:37,989] cb2game.server.state INFO [state:_drain_message:963] Received button press: KeyCode.LEFT
[2026-08-09 18:25:38,789] cb2game.server.room INFO [room:drain_messages:275] Received message type MessageType.ACTIONS for player 0.
[2026-08-09 18:25:38,805] cb2game.server.room INFO [room:drain_messages:275] Received message type MessageType.BUTTON_PRESS for player 0.
[2026-08-09 18:25:38,805] cb2game.server.state INFO [state:_drain_message:963] Received button press: KeyCode.UP
[2026-08-09 18:25:39,156] cb2game.server.room INFO [room:drain_messages:275] Received message type MessageType.ACTIONS for player 0.
[2026-08-09 18:25:39,172] cb2game.server.room INFO [room:drain_messages:275] Received message type MessageType.BUTTON_PRESS for player 0.
[2026-08-09 18:25:39,173] cb2game.server.state INFO [state:_drain_message:963] Received button press: KeyCode.UP
[2026-08-09 18:25:39,523] cb2game.server.room INFO [room:drain_messages:275] Received message type MessageType.ACTIONS for player 0.
[2026-08-09 18:25:39,538] cb2game.server.room INFO [room:drain_messages:275] Received message type MessageType.BUTTON_PRESS for player 0.
[2026-08-09 18:25:39,538] cb2game.server.state INFO [state:_drain_message:963] Received button press: KeyCode.UP
[2026-08-09 18:25:40,305] cb2game.server.room INFO [room:drain_messages:275] Received message type MessageType.ACTIONS for player 0.
[2026-08-09 18:25:40,322] cb2game.server.room INFO [room:drain_messages:275] Received message type MessageType.BUTTON_PRESS for player 0.
[2026-08-09 18:25:40,322] cb2game.server.state INFO [state:_drain_message:963] Received button press: KeyCode.LEFT
[2026-08-09 18:25:40,823] cb2game.server.room INFO [room:drain_messages:275] Received message type MessageType.ACTIONS for player 0.
[2026-08-09 18:25:40,839] cb2game.server.room INFO [room:drain_messages:275] Received message type MessageType.BUTTON_PRESS for player 0.
[2026-08-09 18:25:40,839] cb2game.server.state INFO [state:_drain_message:963] Received button press: KeyCode.UP
[2026-08-09 18:25:41,239] cb2game.server.room INFO [room:drain_messages:275] Received message type MessageType.ACTIONS for player 0.
[2026-08-09 18:25:41,257] cb2game.server.room INFO [room:drain_messages:275] Received message type MessageType.BUTTON_PRESS for player 0.
[2026-08-09 18:25:41,257] cb2game.server.state INFO [state:_drain_message:963] Received button press: KeyCode.RIGHT
[2026-08-09 18:25:41,806] cb2game.server.room INFO [room:drain_messages:275] Received message type MessageType.ACTIONS for player 0.
[2026-08-09 18:25:41,824] cb2game.server.room INFO [room:drain_messages:275] Received message type MessageType.BUTTON_PRESS for player 0.
[2026-08-09 18:25:41,824] cb2game.server.state INFO [state:_drain_message:963] Received button press: KeyCode.UP
[2026-08-09 18:25:42,123] cb2game.server.room INFO [room:drain_messages:275] Received message type MessageType.BUTTON_PRESS for player 0.
[2026-08-09 18:25:42,123] cb2game.server.state INFO [state:_drain_message:963] Received button press: KeyCode.S
[2026-08-09 18:25:42,123] cb2game.server.state INFO [state:_select_if_on_card:870] Selected card 22 with color: Color(r=0, g=0, b=1, a=1), selected: True
[2026-08-09 18:25:42,657] cb2game.server.room INFO [room:drain_messages:275] Received message type MessageType.ACTIONS for player 0.
[2026-08-09 18:25:42,673] cb2game.server.room INFO [room:drain_messages:275] Received message type MessageType.BUTTON_PRESS for player 0.
[2026-08-09 18:25:42,673] cb2game.server.state INFO [state:_drain_message:963] Received button press: KeyCode.LEFT
[2026-08-09 18:25:42,941] cb2game.server.room INFO [room:drain_messages:275] Received message type MessageType.ACTIONS for player 0.
[2026-08-09 18:25:42,957] cb2game.server.room INFO [room:drain_messages:275] Received message type MessageType.BUTTON_PRESS for player 0.
[2026-08-09 18:25:42,957] cb2game.server.state INFO [state:_drain_message:963] Received button press: KeyCode.LEFT
[2026-08-09 18:25:43,541] cb2game.server.room INFO [room:drain_messages:275] Received message type MessageType.ACTIONS for player 0.
[2026-08-09 18:25:43,557] cb2game.server.room INFO [room:drain_messages:275] Received message type MessageType.BUTTON_PRESS for player 0.
[2026-08-09 18:25:43,557] cb2game.server.state INFO [state:_drain_message:963] Received button press: KeyCode.LEFT
[2026-08-09 18:25:44,091] cb2game.server.room INFO [room:drain_messages:275] Received message type MessageType.ACTIONS for player 0.
[2026-08-09 18:25:44,107] cb2game.server.room INFO [room:drain_messages:275] Received message type MessageType.BUTTON_PRESS for player 0.
[2026-08-09 18:25:44,107] cb2game.server.state INFO [state:_drain_message:963] Received button press: KeyCode.UP
[2026-08-09 18:25:44,541] cb2game.server.room INFO [room:drain_messages:275] Received message type MessageType.ACTIONS for player 0.
[2026-08-09 18:25:44,558] cb2game.server.room INFO [room:drain_messages:275] Received message type MessageType.BUTTON_PRESS for player 0.
[2026-08-09 18:25:44,558] cb2game.server.state INFO [state:_drain_message:963] Received button press: KeyCode.RIGHT
[2026-08-09 18:25:44,974] cb2game.server.room INFO [room:drain_messages:275] Received message type MessageType.ACTIONS for player 0.
[2026-08-09 18:25:44,991] cb2game.server.room INFO [room:drain_messages:275] Received message type MessageType.BUTTON_PRESS for player 0.
[2026-08-09 18:25:44,991] cb2game.server.state INFO [state:_drain_message:963] Received button press: KeyCode.UP
[2026-08-09 18:25:45,325] cb2game.server.room INFO [room:drain_messages:275] Received message type MessageType.ACTIONS for player 0.
[2026-08-09 18:25:45,341] cb2game.server.room INFO [room:drain_messages:275] Received message type MessageType.BUTTON_PRESS for player 0.
[2026-08-09 18:25:45,341] cb2game.server.state INFO [state:_drain_message:963] Received button press: KeyCode.UP
[2026-08-09 18:25:45,692] cb2game.server.room INFO [room:drain_messages:275] Received message type MessageType.ACTIONS for player 0.
[2026-08-09 18:25:45,709] cb2game.server.room INFO [room:drain_messages:275] Received message type MessageType.BUTTON_PRESS for player 0.
[2026-08-09 18:25:45,709] cb2game.server.state INFO [state:_drain_message:963] Received button press: KeyCode.UP
[2026-08-09 18:25:46,309] cb2game.server.room INFO [room:drain_messages:275] Received message type MessageType.ACTIONS for player 0.
[2026-08-09 18:25:46,325] cb2game.server.room INFO [room:drain_messages:275] Received message type MessageType.BUTTON_PRESS for player 0.
[2026-08-09 18:25:46,325] cb2game.server.state INFO [state:_drain_message:963] Received button press: KeyCode.RIGHT
[2026-08-09 18:25:47,030] cb2game.server.room INFO [room:drain_messages:275] Received message type MessageType.SCENARIO_REQUEST for player 1.
[2026-08-09 18:26:04,851] cb2game.server.room INFO [room:drain_messages:275] Received message type MessageType.ACTIONS for player 0.
[2026-08-09 18:26:04,867] cb2game.server.room INFO [room:drain_messages:275] Received message type MessageType.BUTTON_PRESS for player 0.
[2026-08-09 18:26:04,867] cb2game.server.state INFO [state:_drain_message:963] Received button press: KeyCode.RIGHT
[2026-08-09 18:26:05,134] cb2game.server.room INFO [room:drain_messages:275] Received message type MessageType.ACTIONS for player 0.
[2026-08-09 18:26:05,151] cb2game.server.room INFO [room:drain_messages:275] Received message type MessageType.BUTTON_PRESS for player 0.
[2026-08-09 18:26:05,151] cb2game.server.state INFO [state:_drain_message:963] Received button press: KeyCode.RIGHT
[2026-08-09 18:26:05,851] cb2game.server.room INFO [room:drain_messages:275] Received message type MessageType.ACTIONS for player 0.
[2026-08-09 18:26:05,868] cb2game.server.room INFO [room:drain_messages:275] Received message type MessageType.BUTTON_PRESS for player 0.
[2026-08-09 18:26:05,868] cb2game.server.state INFO [state:_drain_message:963] Received button press: KeyCode.UP
[2026-08-09 18:26:06,201] cb2game.server.room INFO [room:drain_messages:275] Received message type MessageType.ACTIONS for player 0.
[2026-08-09 18:26:06,217] cb2game.server.room INFO [room:drain_messages:275] Received message type MessageType.BUTTON_PRESS for player 0.
[2026-08-09 18:26:06,217] cb2game.server.state INFO [state:_drain_message:963] Received button press: KeyCode.UP
[2026-08-09 18:26:06,569] cb2game.server.room INFO [room:drain_messages:275] Received message type MessageType.ACTIONS for player 0.
[2026-08-09 18:26:06,585] cb2game.server.room INFO [room:drain_messages:275] Received message type MessageType.BUTTON_PRESS for player 0.
[2026-08-09 18:26:06,585] cb2game.server.state INFO [state:_drain_message:963] Received button press: KeyCode.UP
[2026-08-09 18:26:06,935] cb2game.server.room INFO [room:drain_messages:275] Received message type MessageType.ACTIONS for player 0.
[2026-08-09 18:26:06,951] cb2game.server.room INFO [room:drain_messages:275] Received message type MessageType.BUTTON_PRESS for player 0.
[2026-08-09 18:26:06,951] cb2game.server.state INFO [state:_drain_message:963] Received button press: KeyCode.LEFT
[2026-08-09 18:26:07,436] cb2game.server.room INFO [room:drain_messages:275] Received message type MessageType.ACTIONS for player 0.
[2026-08-09 18:26:07,451] cb2game.server.room INFO [room:drain_messages:275] Received message type MessageType.BUTTON_PRESS for player 0.
[2026-08-09 18:26:07,451] cb2game.server.state INFO [state:_drain_message:963] Received button press: KeyCode.UP
[2026-08-09 18:26:07,803] cb2game.server.room INFO [room:drain_messages:275] Received message type MessageType.ACTIONS for player 0.
[2026-08-09 18:26:07,819] cb2game.server.room INFO [room:drain_messages:275] Received message type MessageType.BUTTON_PRESS for player 0.
[2026-08-09 18:26:07,819] cb2game.server.state INFO [state:_drain_message:963] Received button press: KeyCode.UP
[2026-08-09 18:26:08,252] cb2game.server.room INFO [room:drain_messages:275] Received message type MessageType.ACTIONS for player 0.
[2026-08-09 18:26:08,268] cb2game.server.room INFO [room:drain_messages:275] Received message type MessageType.BUTTON_PRESS for player 0.
[2026-08-09 18:26:08,268] cb2game.server.state INFO [state:_drain_message:963] Received button press: KeyCode.RIGHT
[2026-08-09 18:26:08,819] cb2game.server.room INFO [room:drain_messages:275] Received message type MessageType.ACTIONS for player 0.
[2026-08-09 18:26:08,835] cb2game.server.room INFO [room:drain_messages:275] Received message type MessageType.BUTTON_PRESS for player 0.
[2026-08-09 18:26:08,835] cb2game.server.state INFO [state:_drain_message:963] Received button press: KeyCode.UP
[2026-08-09 18:26:09,919] cb2game.server.room INFO [room:drain_messages:275] Received message type MessageType.ACTIONS for player 0.
[2026-08-09 18:26:09,936] cb2game.server.room INFO [room:drain_messages:275] Received message type MessageType.BUTTON_PRESS for player 0.
[2026-08-09 18:26:09,936] cb2game.server.state INFO [state:_drain_message:963] Received button press: KeyCode.LEFT
[2026-08-09 18:26:10,904] cb2game.server.room INFO [room:drain_messages:275] Received message type MessageType.ACTIONS for player 0.
[2026-08-09 18:26:10,920] cb2game.server.room INFO [room:drain_messages:275] Received message type MessageType.BUTTON_PRESS for player 0.
[2026-08-09 18:26:10,920] cb2game.server.state INFO [state:_drain_message:963] Received button press: KeyCode.LEFT
[2026-08-09 18:26:19,424] cb2game.server.room INFO [room:drain_messages:275] Received message type MessageType.ACTIONS for player 0.
[2026-08-09 18:26:19,440] cb2game.server.room INFO [room:drain_messages:275] Received message type MessageType.BUTTON_PRESS for player 0.
[2026-08-09 18:26:19,440] cb2game.server.state INFO [state:_drain_message:963] Received button press: KeyCode.LEFT
[2026-08-09 18:26:19,708] cb2game.server.room INFO [room:drain_messages:275] Received message type MessageType.ACTIONS for player 0.
[2026-08-09 18:26:19,724] cb2game.server.room INFO [room:drain_messages:275] Received message type MessageType.BUTTON_PRESS for player 0.
[2026-08-09 18:26:19,725] cb2game.server.state INFO [state:_drain_message:963] Received button press: KeyCode.LEFT
[2026-08-09 18:26:20,257] cb2game.server.room INFO [room:drain_messages:275] Received message type MessageType.ACTIONS for player 0.
[2026-08-09 18:26:20,275] cb2game.server.room INFO [room:drain_messages:275] Received message type MessageType.BUTTON_PRESS for player 0.
[2026-08-09 18:26:20,275] cb2game.server.state INFO [state:_drain_message:963] Received button press: KeyCode.LEFT
[2026-08-09 18:26:21,124] cb2game.server.room INFO [room:drain_messages:275] Received message type MessageType.BUTTON_PRESS for player 0.
[2026-08-09 18:26:21,124] cb2game.server.state INFO [state:_drain_message:963] Received button press: KeyCode.S
[2026-08-09 18:26:21,124] cb2game.server.state INFO [state:_select_if_on_card:870] Selected card 46 with color: Color(r=0, g=0, b=1, a=1), selected: True
[2026-08-09 18:26:21,126] cb2game.server.state INFO [state:_advance_fmri_instruction:906] Correct fMRI target selected; advanced to next instruction.
[2026-08-09 18:26:22,376] cb2game.server.room INFO [room:drain_messages:275] Received message type MessageType.ACTIONS for player 0.
[2026-08-09 18:26:22,392] cb2game.server.room INFO [room:drain_messages:275] Received message type MessageType.BUTTON_PRESS for player 0.
[2026-08-09 18:26:22,392] cb2game.server.state INFO [state:_drain_message:963] Received button press: KeyCode.UP
[2026-08-09 18:26:24,342] cb2game.server.room INFO [room:drain_messages:275] Received message type MessageType.ACTIONS for player 0.
[2026-08-09 18:26:24,360] cb2game.server.room INFO [room:drain_messages:275] Received message type MessageType.BUTTON_PRESS for player 0.
[2026-08-09 18:26:24,360] cb2game.server.state INFO [state:_drain_message:963] Received button press: KeyCode.UP
[2026-08-09 18:26:24,693] cb2game.server.room INFO [room:drain_messages:275] Received message type MessageType.ACTIONS for player 0.
[2026-08-09 18:26:24,709] cb2game.server.room INFO [room:drain_messages:275] Received message type MessageType.BUTTON_PRESS for player 0.
[2026-08-09 18:26:24,709] cb2game.server.state INFO [state:_drain_message:963] Received button press: KeyCode.UP
[2026-08-09 18:26:25,060] cb2game.server.room INFO [room:drain_messages:275] Received message type MessageType.ACTIONS for player 0.
[2026-08-09 18:26:25,076] cb2game.server.room INFO [room:drain_messages:275] Received message type MessageType.BUTTON_PRESS for player 0.
[2026-08-09 18:26:25,076] cb2game.server.state INFO [state:_drain_message:963] Received button press: KeyCode.UP
[2026-08-09 18:26:25,410] cb2game.server.room INFO [room:drain_messages:275] Received message type MessageType.ACTIONS for player 0.
[2026-08-09 18:26:25,427] cb2game.server.room INFO [room:drain_messages:275] Received message type MessageType.BUTTON_PRESS for player 0.
[2026-08-09 18:26:25,427] cb2game.server.state INFO [state:_drain_message:963] Received button press: KeyCode.RIGHT
[2026-08-09 18:26:26,044] cb2game.server.room INFO [room:drain_messages:275] Received message type MessageType.ACTIONS for player 0.
[2026-08-09 18:26:26,060] cb2game.server.room INFO [room:drain_messages:275] Received message type MessageType.BUTTON_PRESS for player 0.
[2026-08-09 18:26:26,060] cb2game.server.state INFO [state:_drain_message:963] Received button press: KeyCode.UP
[2026-08-09 18:26:26,410] cb2game.server.room INFO [room:drain_messages:275] Received message type MessageType.ACTIONS for player 0.
[2026-08-09 18:26:26,427] cb2game.server.room INFO [room:drain_messages:275] Received message type MessageType.BUTTON_PRESS for player 0.
[2026-08-09 18:26:26,427] cb2game.server.state INFO [state:_drain_message:963] Received button press: KeyCode.UP
[2026-08-09 18:26:27,061] cb2game.server.room INFO [room:drain_messages:275] Received message type MessageType.ACTIONS for player 0.
[2026-08-09 18:26:27,078] cb2game.server.room INFO [room:drain_messages:275] Received message type MessageType.BUTTON_PRESS for player 0.
[2026-08-09 18:26:27,078] cb2game.server.state INFO [state:_drain_message:963] Received button press: KeyCode.RIGHT
[2026-08-09 18:26:38,667] cb2game.server.room INFO [room:drain_messages:275] Received message type MessageType.ACTIONS for player 0.
[2026-08-09 18:26:38,683] cb2game.server.room INFO [room:drain_messages:275] Received message type MessageType.BUTTON_PRESS for player 0.
[2026-08-09 18:26:38,683] cb2game.server.state INFO [state:_drain_message:963] Received button press: KeyCode.RIGHT
[2026-08-09 18:26:39,284] cb2game.server.room INFO [room:drain_messages:275] Received message type MessageType.ACTIONS for player 0.
[2026-08-09 18:26:39,300] cb2game.server.room INFO [room:drain_messages:275] Received message type MessageType.BUTTON_PRESS for player 0.
[2026-08-09 18:26:39,300] cb2game.server.state INFO [state:_drain_message:963] Received button press: KeyCode.UP
[2026-08-09 18:26:40,100] cb2game.server.room INFO [room:drain_messages:275] Received message type MessageType.ACTIONS for player 0.
[2026-08-09 18:26:40,117] cb2game.server.room INFO [room:drain_messages:275] Received message type MessageType.BUTTON_PRESS for player 0.
[2026-08-09 18:26:40,117] cb2game.server.state INFO [state:_drain_message:963] Received button press: KeyCode.UP
[2026-08-09 18:26:40,500] cb2game.server.room INFO [room:drain_messages:275] Received message type MessageType.ACTIONS for player 0.
[2026-08-09 18:26:40,517] cb2game.server.room INFO [room:drain_messages:275] Received message type MessageType.BUTTON_PRESS for player 0.
[2026-08-09 18:26:40,517] cb2game.server.state INFO [state:_drain_message:963] Received button press: KeyCode.LEFT
[2026-08-09 18:26:41,185] cb2game.server.room INFO [room:drain_messages:275] Received message type MessageType.ACTIONS for player 0.
[2026-08-09 18:26:41,201] cb2game.server.room INFO [room:drain_messages:275] Received message type MessageType.BUTTON_PRESS for player 0.
[2026-08-09 18:26:41,201] cb2game.server.state INFO [state:_drain_message:963] Received button press: KeyCode.UP
[2026-08-09 18:26:41,634] cb2game.server.room INFO [room:drain_messages:275] Received message type MessageType.ACTIONS for player 0.
[2026-08-09 18:26:41,651] cb2game.server.room INFO [room:drain_messages:275] Received message type MessageType.BUTTON_PRESS for player 0.
[2026-08-09 18:26:41,652] cb2game.server.state INFO [state:_drain_message:963] Received button press: KeyCode.LEFT
[2026-08-09 18:26:42,068] cb2game.server.room INFO [room:drain_messages:275] Received message type MessageType.ACTIONS for player 0.
[2026-08-09 18:26:42,084] cb2game.server.room INFO [room:drain_messages:275] Received message type MessageType.BUTTON_PRESS for player 0.
[2026-08-09 18:26:42,084] cb2game.server.state INFO [state:_drain_message:963] Received button press: KeyCode.UP
[2026-08-09 18:26:42,434] cb2game.server.room INFO [room:drain_messages:275] Received message type MessageType.ACTIONS for player 0.
[2026-08-09 18:26:42,451] cb2game.server.room INFO [room:drain_messages:275] Received message type MessageType.BUTTON_PRESS for player 0.
[2026-08-09 18:26:42,451] cb2game.server.state INFO [state:_drain_message:963] Received button press: KeyCode.UP
[2026-08-09 18:26:42,802] cb2game.server.room INFO [room:drain_messages:275] Received message type MessageType.ACTIONS for player 0.
[2026-08-09 18:26:42,818] cb2game.server.room INFO [room:drain_messages:275] Received message type MessageType.BUTTON_PRESS for player 0.
[2026-08-09 18:26:42,818] cb2game.server.state INFO [state:_drain_message:963] Received button press: KeyCode.UP
[2026-08-09 18:26:43,318] cb2game.server.room INFO [room:drain_messages:275] Received message type MessageType.ACTIONS for player 0.
[2026-08-09 18:26:43,335] cb2game.server.room INFO [room:drain_messages:275] Received message type MessageType.BUTTON_PRESS for player 0.
[2026-08-09 18:26:43,335] cb2game.server.state INFO [state:_drain_message:963] Received button press: KeyCode.LEFT
[2026-08-09 18:26:44,253] cb2game.server.room INFO [room:drain_messages:275] Received message type MessageType.ACTIONS for player 0.
[2026-08-09 18:26:44,269] cb2game.server.room INFO [room:drain_messages:275] Received message type MessageType.BUTTON_PRESS for player 0.
[2026-08-09 18:26:44,269] cb2game.server.state INFO [state:_drain_message:963] Received button press: KeyCode.RIGHT
[2026-08-09 18:26:45,387] cb2game.server.room INFO [room:drain_messages:275] Received message type MessageType.ACTIONS for player 0.
[2026-08-09 18:26:45,403] cb2game.server.room INFO [room:drain_messages:275] Received message type MessageType.BUTTON_PRESS for player 0.
[2026-08-09 18:26:45,404] cb2game.server.state INFO [state:_drain_message:963] Received button press: KeyCode.LEFT
[2026-08-09 18:26:45,719] cb2game.server.room INFO [room:drain_messages:275] Received message type MessageType.ACTIONS for player 0.
[2026-08-09 18:26:45,736] cb2game.server.room INFO [room:drain_messages:275] Received message type MessageType.BUTTON_PRESS for player 0.
[2026-08-09 18:26:45,736] cb2game.server.state INFO [state:_drain_message:963] Received button press: KeyCode.UP
[2026-08-09 18:26:46,120] cb2game.server.room INFO [room:drain_messages:275] Received message type MessageType.ACTIONS for player 0.
[2026-08-09 18:26:46,136] cb2game.server.room INFO [room:drain_messages:275] Received message type MessageType.BUTTON_PRESS for player 0.
[2026-08-09 18:26:46,136] cb2game.server.state INFO [state:_drain_message:963] Received button press: KeyCode.RIGHT
[2026-08-09 18:26:46,653] cb2game.server.room INFO [room:drain_messages:275] Received message type MessageType.ACTIONS for player 0.
[2026-08-09 18:26:46,669] cb2game.server.room INFO [room:drain_messages:275] Received message type MessageType.BUTTON_PRESS for player 0.
[2026-08-09 18:26:46,670] cb2game.server.state INFO [state:_drain_message:963] Received button press: KeyCode.UP
[2026-08-09 18:26:47,004] cb2game.server.room INFO [room:drain_messages:275] Received message type MessageType.ACTIONS for player 0.
[2026-08-09 18:26:47,021] cb2game.server.room INFO [room:drain_messages:275] Received message type MessageType.BUTTON_PRESS for player 0.
[2026-08-09 18:26:47,021] cb2game.server.state INFO [state:_drain_message:963] Received button press: KeyCode.UP
[2026-08-09 18:26:47,370] cb2game.server.room INFO [room:drain_messages:275] Received message type MessageType.ACTIONS for player 0.
[2026-08-09 18:26:47,386] cb2game.server.room INFO [room:drain_messages:275] Received message type MessageType.BUTTON_PRESS for player 0.
[2026-08-09 18:26:47,386] cb2game.server.state INFO [state:_drain_message:963] Received button press: KeyCode.UP
[2026-08-09 18:26:47,953] cb2game.server.room INFO [room:drain_messages:275] Received message type MessageType.ACTIONS for player 0.
[2026-08-09 18:26:47,970] cb2game.server.room INFO [room:drain_messages:275] Received message type MessageType.BUTTON_PRESS for player 0.
[2026-08-09 18:26:47,970] cb2game.server.state INFO [state:_drain_message:963] Received button press: KeyCode.RIGHT
[2026-08-09 18:26:49,104] cb2game.server.room INFO [room:drain_messages:275] Received message type MessageType.ACTIONS for player 0.
[2026-08-09 18:26:49,122] cb2game.server.room INFO [room:drain_messages:275] Received message type MessageType.BUTTON_PRESS for player 0.
[2026-08-09 18:26:49,122] cb2game.server.state INFO [state:_drain_message:963] Received button press: KeyCode.RIGHT
[2026-08-09 18:26:49,504] cb2game.server.room INFO [room:drain_messages:275] Received message type MessageType.ACTIONS for player 0.
[2026-08-09 18:26:49,521] cb2game.server.room INFO [room:drain_messages:275] Received message type MessageType.BUTTON_PRESS for player 0.
[2026-08-09 18:26:49,521] cb2game.server.state INFO [state:_drain_message:963] Received button press: KeyCode.UP
[2026-08-09 18:26:49,872] cb2game.server.room INFO [room:drain_messages:275] Received message type MessageType.ACTIONS for player 0.
[2026-08-09 18:26:49,888] cb2game.server.room INFO [room:drain_messages:275] Received message type MessageType.BUTTON_PRESS for player 0.
[2026-08-09 18:26:49,888] cb2game.server.state INFO [state:_drain_message:963] Received button press: KeyCode.UP
[2026-08-09 18:26:50,239] cb2game.server.room INFO [room:drain_messages:275] Received message type MessageType.ACTIONS for player 0.
[2026-08-09 18:26:50,255] cb2game.server.room INFO [room:drain_messages:275] Received message type MessageType.BUTTON_PRESS for player 0.
[2026-08-09 18:26:50,256] cb2game.server.state INFO [state:_drain_message:963] Received button press: KeyCode.UP
[2026-08-09 18:26:50,605] cb2game.server.room INFO [room:drain_messages:275] Received message type MessageType.ACTIONS for player 0.
[2026-08-09 18:26:50,622] cb2game.server.room INFO [room:drain_messages:275] Received message type MessageType.BUTTON_PRESS for player 0.
[2026-08-09 18:26:50,622] cb2game.server.state INFO [state:_drain_message:963] Received button press: KeyCode.UP
[2026-08-09 18:26:50,972] cb2game.server.room INFO [room:drain_messages:275] Received message type MessageType.ACTIONS for player 0.
[2026-08-09 18:26:50,989] cb2game.server.room INFO [room:drain_messages:275] Received message type MessageType.BUTTON_PRESS for player 0.
[2026-08-09 18:26:50,989] cb2game.server.state INFO [state:_drain_message:963] Received button press: KeyCode.UP
[2026-08-09 18:26:51,323] cb2game.server.room INFO [room:drain_messages:275] Received message type MessageType.ACTIONS for player 0.
[2026-08-09 18:26:51,339] cb2game.server.room INFO [room:drain_messages:275] Received message type MessageType.BUTTON_PRESS for player 0.
[2026-08-09 18:26:51,339] cb2game.server.state INFO [state:_drain_message:963] Received button press: KeyCode.UP
[2026-08-09 18:26:51,689] cb2game.server.room INFO [room:drain_messages:275] Received message type MessageType.ACTIONS for player 0.
[2026-08-09 18:26:51,706] cb2game.server.room INFO [room:drain_messages:275] Received message type MessageType.BUTTON_PRESS for player 0.
[2026-08-09 18:26:51,706] cb2game.server.state INFO [state:_drain_message:963] Received button press: KeyCode.UP
[2026-08-09 18:26:52,055] cb2game.server.room INFO [room:drain_messages:275] Received message type MessageType.ACTIONS for player 0.
[2026-08-09 18:26:52,072] cb2game.server.room INFO [room:drain_messages:275] Received message type MessageType.BUTTON_PRESS for player 0.
[2026-08-09 18:26:52,072] cb2game.server.state INFO [state:_drain_message:963] Received button press: KeyCode.UP
[2026-08-09 18:26:52,406] cb2game.server.room INFO [room:drain_messages:275] Received message type MessageType.ACTIONS for player 0.
[2026-08-09 18:26:52,422] cb2game.server.room INFO [room:drain_messages:275] Received message type MessageType.BUTTON_PRESS for player 0.
[2026-08-09 18:26:52,422] cb2game.server.state INFO [state:_drain_message:963] Received button press: KeyCode.UP
[2026-08-09 18:26:52,773] cb2game.server.room INFO [room:drain_messages:275] Received message type MessageType.ACTIONS for player 0.
[2026-08-09 18:26:52,790] cb2game.server.room INFO [room:drain_messages:275] Received message type MessageType.BUTTON_PRESS for player 0.
[2026-08-09 18:26:52,790] cb2game.server.state INFO [state:_drain_message:963] Received button press: KeyCode.UP
[2026-08-09 18:26:53,139] cb2game.server.room INFO [room:drain_messages:275] Received message type MessageType.ACTIONS for player 0.
[2026-08-09 18:26:53,156] cb2game.server.room INFO [room:drain_messages:275] Received message type MessageType.BUTTON_PRESS for player 0.
[2026-08-09 18:26:53,156] cb2game.server.state INFO [state:_drain_message:963] Received button press: KeyCode.UP
[2026-08-09 18:26:53,840] cb2game.server.room INFO [room:drain_messages:275] Received message type MessageType.ACTIONS for player 0.
[2026-08-09 18:26:53,857] cb2game.server.room INFO [room:drain_messages:275] Received message type MessageType.BUTTON_PRESS for player 0.
[2026-08-09 18:26:53,857] cb2game.server.state INFO [state:_drain_message:963] Received button press: KeyCode.UP
[2026-08-09 18:26:54,139] cb2game.server.room INFO [room:drain_messages:275] Received message type MessageType.BUTTON_PRESS for player 0.
[2026-08-09 18:26:54,140] cb2game.server.state INFO [state:_drain_message:963] Received button press: KeyCode.S
[2026-08-09 18:26:54,140] cb2game.server.state INFO [state:_select_if_on_card:870] Selected card 79 with color: Color(r=0, g=0, b=1, a=1), selected: True
[2026-08-09 18:26:55,224] cb2game.server.room INFO [room:drain_messages:275] Received message type MessageType.ACTIONS for player 0.
[2026-08-09 18:26:55,241] cb2game.server.room INFO [room:drain_messages:275] Received message type MessageType.BUTTON_PRESS for player 0.
[2026-08-09 18:26:55,241] cb2game.server.state INFO [state:_drain_message:963] Received button press: KeyCode.LEFT
[2026-08-09 18:26:55,641] cb2game.server.room INFO [room:drain_messages:275] Received message type MessageType.ACTIONS for player 0.
[2026-08-09 18:26:55,657] cb2game.server.room INFO [room:drain_messages:275] Received message type MessageType.BUTTON_PRESS for player 0.
[2026-08-09 18:26:55,657] cb2game.server.state INFO [state:_drain_message:963] Received button press: KeyCode.LEFT
[2026-08-09 18:26:56,175] cb2game.server.room INFO [room:drain_messages:275] Received message type MessageType.ACTIONS for player 0.
[2026-08-09 18:26:56,192] cb2game.server.room INFO [room:drain_messages:275] Received message type MessageType.BUTTON_PRESS for player 0.
[2026-08-09 18:26:56,192] cb2game.server.state INFO [state:_drain_message:963] Received button press: KeyCode.UP
[2026-08-09 18:26:56,541] cb2game.server.room INFO [room:drain_messages:275] Received message type MessageType.ACTIONS for player 0.
[2026-08-09 18:26:56,558] cb2game.server.room INFO [room:drain_messages:275] Received message type MessageType.BUTTON_PRESS for player 0.
[2026-08-09 18:26:56,559] cb2game.server.state INFO [state:_drain_message:963] Received button press: KeyCode.UP
[2026-08-09 18:26:57,225] cb2game.server.room INFO [room:drain_messages:275] Received message type MessageType.ACTIONS for player 0.
[2026-08-09 18:26:57,242] cb2game.server.room INFO [room:drain_messages:275] Received message type MessageType.BUTTON_PRESS for player 0.
[2026-08-09 18:26:57,242] cb2game.server.state INFO [state:_drain_message:963] Received button press: KeyCode.LEFT
[2026-08-09 18:26:57,509] cb2game.server.room INFO [room:drain_messages:275] Received message type MessageType.ACTIONS for player 0.
[2026-08-09 18:26:57,525] cb2game.server.room INFO [room:drain_messages:275] Received message type MessageType.BUTTON_PRESS for player 0.
[2026-08-09 18:26:57,525] cb2game.server.state INFO [state:_drain_message:963] Received button press: KeyCode.LEFT
[2026-08-09 18:26:57,792] cb2game.server.room INFO [room:drain_messages:275] Received message type MessageType.ACTIONS for player 0.
[2026-08-09 18:26:57,809] cb2game.server.room INFO [room:drain_messages:275] Received message type MessageType.BUTTON_PRESS for player 0.
[2026-08-09 18:26:57,809] cb2game.server.state INFO [state:_drain_message:963] Received button press: KeyCode.LEFT
[2026-08-09 18:26:58,425] cb2game.server.room INFO [room:drain_messages:275] Received message type MessageType.ACTIONS for player 0.
[2026-08-09 18:26:58,443] cb2game.server.room INFO [room:drain_messages:275] Received message type MessageType.BUTTON_PRESS for player 0.
[2026-08-09 18:26:58,443] cb2game.server.state INFO [state:_drain_message:963] Received button press: KeyCode.LEFT
[2026-08-09 18:26:58,809] cb2game.server.room INFO [room:drain_messages:275] Received message type MessageType.ACTIONS for player 0.
[2026-08-09 18:26:58,826] cb2game.server.room INFO [room:drain_messages:275] Received message type MessageType.BUTTON_PRESS for player 0.
[2026-08-09 18:26:58,826] cb2game.server.state INFO [state:_drain_message:963] Received button press: KeyCode.UP
[2026-08-09 18:26:59,176] cb2game.server.room INFO [room:drain_messages:275] Received message type MessageType.ACTIONS for player 0.
[2026-08-09 18:26:59,193] cb2game.server.room INFO [room:drain_messages:275] Received message type MessageType.BUTTON_PRESS for player 0.
[2026-08-09 18:26:59,193] cb2game.server.state INFO [state:_drain_message:963] Received button press: KeyCode.UP
[2026-08-09 18:26:59,543] cb2game.server.room INFO [room:drain_messages:275] Received message type MessageType.ACTIONS for player 0.
[2026-08-09 18:26:59,560] cb2game.server.room INFO [room:drain_messages:275] Received message type MessageType.BUTTON_PRESS for player 0.
[2026-08-09 18:26:59,560] cb2game.server.state INFO [state:_drain_message:963] Received button press: KeyCode.UP
[2026-08-09 18:26:59,910] cb2game.server.room INFO [room:drain_messages:275] Received message type MessageType.ACTIONS for player 0.
[2026-08-09 18:26:59,926] cb2game.server.room INFO [room:drain_messages:275] Received message type MessageType.BUTTON_PRESS for player 0.
[2026-08-09 18:26:59,926] cb2game.server.state INFO [state:_drain_message:963] Received button press: KeyCode.RIGHT
[2026-08-09 18:27:00,193] cb2game.server.room INFO [room:drain_messages:275] Received message type MessageType.ACTIONS for player 0.
[2026-08-09 18:27:00,210] cb2game.server.room INFO [room:drain_messages:275] Received message type MessageType.BUTTON_PRESS for player 0.
[2026-08-09 18:27:00,210] cb2game.server.state INFO [state:_drain_message:963] Received button press: KeyCode.RIGHT
[2026-08-09 18:27:00,477] cb2game.server.room INFO [room:drain_messages:275] Received message type MessageType.ACTIONS for player 0.
[2026-08-09 18:27:00,493] cb2game.server.room INFO [room:drain_messages:275] Received message type MessageType.BUTTON_PRESS for player 0.
[2026-08-09 18:27:00,494] cb2game.server.state INFO [state:_drain_message:963] Received button press: KeyCode.RIGHT
[2026-08-09 18:27:00,759] cb2game.server.room INFO [room:drain_messages:275] Received message type MessageType.ACTIONS for player 0.
[2026-08-09 18:27:00,812] cb2game.server.room INFO [room:drain_messages:275] Received message type MessageType.BUTTON_PRESS for player 0.
[2026-08-09 18:27:00,812] cb2game.server.state INFO [state:_drain_message:963] Received button press: KeyCode.UP
[2026-08-09 18:27:01,111] cb2game.server.room INFO [room:drain_messages:275] Received message type MessageType.ACTIONS for player 0.
[2026-08-09 18:27:01,145] cb2game.server.room INFO [room:drain_messages:275] Received message type MessageType.BUTTON_PRESS for player 0.
[2026-08-09 18:27:01,146] cb2game.server.state INFO [state:_drain_message:963] Received button press: KeyCode.UP
[2026-08-09 18:27:01,461] cb2game.server.room INFO [room:drain_messages:275] Received message type MessageType.ACTIONS for player 0.
[2026-08-09 18:27:01,476] cb2game.server.room INFO [room:drain_messages:275] Received message type MessageType.BUTTON_PRESS for player 0.
[2026-08-09 18:27:01,476] cb2game.server.state INFO [state:_drain_message:963] Received button press: KeyCode.LEFT
[2026-08-09 18:27:02,110] cb2game.server.room INFO [room:drain_messages:275] Received message type MessageType.ACTIONS for player 0.
[2026-08-09 18:27:02,127] cb2game.server.room INFO [room:drain_messages:275] Received message type MessageType.BUTTON_PRESS for player 0.
[2026-08-09 18:27:02,127] cb2game.server.state INFO [state:_drain_message:963] Received button press: KeyCode.UP
[2026-08-09 18:27:02,477] cb2game.server.room INFO [room:drain_messages:275] Received message type MessageType.ACTIONS for player 0.
[2026-08-09 18:27:02,493] cb2game.server.room INFO [room:drain_messages:275] Received message type MessageType.BUTTON_PRESS for player 0.
[2026-08-09 18:27:02,494] cb2game.server.state INFO [state:_drain_message:963] Received button press: KeyCode.LEFT
[2026-08-09 18:27:03,078] cb2game.server.room INFO [room:drain_messages:275] Received message type MessageType.ACTIONS for player 0.
[2026-08-09 18:27:03,094] cb2game.server.room INFO [room:drain_messages:275] Received message type MessageType.BUTTON_PRESS for player 0.
[2026-08-09 18:27:03,094] cb2game.server.state INFO [state:_drain_message:963] Received button press: KeyCode.UP
[2026-08-09 18:27:03,445] cb2game.server.room INFO [room:drain_messages:275] Received message type MessageType.ACTIONS for player 0.
[2026-08-09 18:27:03,462] cb2game.server.room INFO [room:drain_messages:275] Received message type MessageType.BUTTON_PRESS for player 0.
[2026-08-09 18:27:03,462] cb2game.server.state INFO [state:_drain_message:963] Received button press: KeyCode.UP
[2026-08-09 18:27:03,812] cb2game.server.room INFO [room:drain_messages:275] Received message type MessageType.ACTIONS for player 0.
[2026-08-09 18:27:03,828] cb2game.server.room INFO [room:drain_messages:275] Received message type MessageType.BUTTON_PRESS for player 0.
[2026-08-09 18:27:03,828] cb2game.server.state INFO [state:_drain_message:963] Received button press: KeyCode.RIGHT
[2026-08-09 18:27:04,245] cb2game.server.room INFO [room:drain_messages:275] Received message type MessageType.ACTIONS for player 0.
[2026-08-09 18:27:04,261] cb2game.server.room INFO [room:drain_messages:275] Received message type MessageType.BUTTON_PRESS for player 0.
[2026-08-09 18:27:04,261] cb2game.server.state INFO [state:_drain_message:963] Received button press: KeyCode.UP
[2026-08-09 18:27:04,612] cb2game.server.room INFO [room:drain_messages:275] Received message type MessageType.ACTIONS for player 0.
[2026-08-09 18:27:04,629] cb2game.server.room INFO [room:drain_messages:275] Received message type MessageType.BUTTON_PRESS for player 0.
[2026-08-09 18:27:04,629] cb2game.server.state INFO [state:_drain_message:963] Received button press: KeyCode.UP
[2026-08-09 18:27:05,112] cb2game.server.room INFO [room:drain_messages:275] Received message type MessageType.ACTIONS for player 0.
[2026-08-09 18:27:05,129] cb2game.server.room INFO [room:drain_messages:275] Received message type MessageType.BUTTON_PRESS for player 0.
[2026-08-09 18:27:05,129] cb2game.server.state INFO [state:_drain_message:963] Received button press: KeyCode.LEFT
[2026-08-09 18:27:05,579] cb2game.server.room INFO [room:drain_messages:275] Received message type MessageType.ACTIONS for player 0.
[2026-08-09 18:27:05,596] cb2game.server.room INFO [room:drain_messages:275] Received message type MessageType.BUTTON_PRESS for player 0.
[2026-08-09 18:27:05,596] cb2game.server.state INFO [state:_drain_message:963] Received button press: KeyCode.UP
[2026-08-09 18:27:05,946] cb2game.server.room INFO [room:drain_messages:275] Received message type MessageType.ACTIONS for player 0.
[2026-08-09 18:27:05,962] cb2game.server.room INFO [room:drain_messages:275] Received message type MessageType.BUTTON_PRESS for player 0.
[2026-08-09 18:27:05,962] cb2game.server.state INFO [state:_drain_message:963] Received button press: KeyCode.UP
[2026-08-09 18:27:06,313] cb2game.server.room INFO [room:drain_messages:275] Received message type MessageType.ACTIONS for player 0.
[2026-08-09 18:27:06,330] cb2game.server.room INFO [room:drain_messages:275] Received message type MessageType.BUTTON_PRESS for player 0.
[2026-08-09 18:27:06,330] cb2game.server.state INFO [state:_drain_message:963] Received button press: KeyCode.UP
[2026-08-09 18:27:06,679] cb2game.server.room INFO [room:drain_messages:275] Received message type MessageType.ACTIONS for player 0.
[2026-08-09 18:27:06,695] cb2game.server.room INFO [room:drain_messages:275] Received message type MessageType.BUTTON_PRESS for player 0.
[2026-08-09 18:27:06,696] cb2game.server.state INFO [state:_drain_message:963] Received button press: KeyCode.RIGHT
[2026-08-09 18:27:07,247] cb2game.server.room INFO [room:drain_messages:275] Received message type MessageType.ACTIONS for player 0.
[2026-08-09 18:27:07,263] cb2game.server.room INFO [room:drain_messages:275] Received message type MessageType.BUTTON_PRESS for player 0.
[2026-08-09 18:27:07,263] cb2game.server.state INFO [state:_drain_message:963] Received button press: KeyCode.UP
[2026-08-09 18:27:07,614] cb2game.server.room INFO [room:drain_messages:275] Received message type MessageType.ACTIONS for player 0.
[2026-08-09 18:27:07,630] cb2game.server.room INFO [room:drain_messages:275] Received message type MessageType.BUTTON_PRESS for player 0.
[2026-08-09 18:27:07,630] cb2game.server.state INFO [state:_drain_message:963] Received button press: KeyCode.UP
[2026-08-09 18:27:07,979] cb2game.server.room INFO [room:drain_messages:275] Received message type MessageType.ACTIONS for player 0.
[2026-08-09 18:27:07,997] cb2game.server.room INFO [room:drain_messages:275] Received message type MessageType.BUTTON_PRESS for player 0.
[2026-08-09 18:27:07,997] cb2game.server.state INFO [state:_drain_message:963] Received button press: KeyCode.UP
[2026-08-09 18:27:25,689] cb2game.server.room INFO [room:drain_messages:275] Received message type MessageType.ACTIONS for player 0.
[2026-08-09 18:27:25,705] cb2game.server.room INFO [room:drain_messages:275] Received message type MessageType.BUTTON_PRESS for player 0.
[2026-08-09 18:27:25,705] cb2game.server.state INFO [state:_drain_message:963] Received button press: KeyCode.RIGHT
[2026-08-09 18:27:27,572] cb2game.server.room INFO [room:drain_messages:275] Received message type MessageType.ACTIONS for player 0.
[2026-08-09 18:27:27,589] cb2game.server.room INFO [room:drain_messages:275] Received message type MessageType.BUTTON_PRESS for player 0.
[2026-08-09 18:27:27,590] cb2game.server.state INFO [state:_drain_message:963] Received button press: KeyCode.UP
[2026-08-09 18:27:27,940] cb2game.server.room INFO [room:drain_messages:275] Received message type MessageType.ACTIONS for player 0.
[2026-08-09 18:27:27,955] cb2game.server.room INFO [room:drain_messages:275] Received message type MessageType.BUTTON_PRESS for player 0.
[2026-08-09 18:27:27,956] cb2game.server.state INFO [state:_drain_message:963] Received button press: KeyCode.UP
[2026-08-09 18:27:28,306] cb2game.server.room INFO [room:drain_messages:275] Received message type MessageType.ACTIONS for player 0.
[2026-08-09 18:27:28,323] cb2game.server.room INFO [room:drain_messages:275] Received message type MessageType.BUTTON_PRESS for player 0.
[2026-08-09 18:27:28,323] cb2game.server.state INFO [state:_drain_message:963] Received button press: KeyCode.UP
[2026-08-09 18:27:28,674] cb2game.server.room INFO [room:drain_messages:275] Received message type MessageType.ACTIONS for player 0.
[2026-08-09 18:27:28,690] cb2game.server.room INFO [room:drain_messages:275] Received message type MessageType.BUTTON_PRESS for player 0.
[2026-08-09 18:27:28,690] cb2game.server.state INFO [state:_drain_message:963] Received button press: KeyCode.UP
[2026-08-09 18:27:29,040] cb2game.server.room INFO [room:drain_messages:275] Received message type MessageType.ACTIONS for player 0.
[2026-08-09 18:27:29,057] cb2game.server.room INFO [room:drain_messages:275] Received message type MessageType.BUTTON_PRESS for player 0.
[2026-08-09 18:27:29,057] cb2game.server.state INFO [state:_drain_message:963] Received button press: KeyCode.UP
[2026-08-09 18:27:29,406] cb2game.server.room INFO [room:drain_messages:275] Received message type MessageType.ACTIONS for player 0.
[2026-08-09 18:27:29,422] cb2game.server.room INFO [room:drain_messages:275] Received message type MessageType.BUTTON_PRESS for player 0.
[2026-08-09 18:27:29,423] cb2game.server.state INFO [state:_drain_message:963] Received button press: KeyCode.UP
[2026-08-09 18:27:29,774] cb2game.server.room INFO [room:drain_messages:275] Received message type MessageType.ACTIONS for player 0.
[2026-08-09 18:27:29,790] cb2game.server.room INFO [room:drain_messages:275] Received message type MessageType.BUTTON_PRESS for player 0.
[2026-08-09 18:27:29,790] cb2game.server.state INFO [state:_drain_message:963] Received button press: KeyCode.UP
[2026-08-09 18:27:30,140] cb2game.server.room INFO [room:drain_messages:275] Received message type MessageType.ACTIONS for player 0.
[2026-08-09 18:27:30,157] cb2game.server.room INFO [room:drain_messages:275] Received message type MessageType.BUTTON_PRESS for player 0.
[2026-08-09 18:27:30,157] cb2game.server.state INFO [state:_drain_message:963] Received button press: KeyCode.UP
[2026-08-09 18:27:30,490] cb2game.server.room INFO [room:drain_messages:275] Received message type MessageType.ACTIONS for player 0.
[2026-08-09 18:27:30,506] cb2game.server.room INFO [room:drain_messages:275] Received message type MessageType.BUTTON_PRESS for player 0.
[2026-08-09 18:27:30,507] cb2game.server.state INFO [state:_drain_message:963] Received button press: KeyCode.UP
[2026-08-09 18:27:30,857] cb2game.server.room INFO [room:drain_messages:275] Received message type MessageType.ACTIONS for player 0.
[2026-08-09 18:27:30,874] cb2game.server.room INFO [room:drain_messages:275] Received message type MessageType.BUTTON_PRESS for player 0.
[2026-08-09 18:27:30,874] cb2game.server.state INFO [state:_drain_message:963] Received button press: KeyCode.UP
[2026-08-09 18:27:31,207] cb2game.server.room INFO [room:drain_messages:275] Received message type MessageType.ACTIONS for player 0.
[2026-08-09 18:27:31,224] cb2game.server.room INFO [room:drain_messages:275] Received message type MessageType.BUTTON_PRESS for player 0.
[2026-08-09 18:27:31,224] cb2game.server.state INFO [state:_drain_message:963] Received button press: KeyCode.UP
[2026-08-09 18:27:31,558] cb2game.server.room INFO [room:drain_messages:275] Received message type MessageType.ACTIONS for player 0.
[2026-08-09 18:27:31,574] cb2game.server.room INFO [room:drain_messages:275] Received message type MessageType.BUTTON_PRESS for player 0.
[2026-08-09 18:27:31,574] cb2game.server.state INFO [state:_drain_message:963] Received button press: KeyCode.UP
[2026-08-09 18:27:31,924] cb2game.server.room INFO [room:drain_messages:275] Received message type MessageType.ACTIONS for player 0.
[2026-08-09 18:27:31,940] cb2game.server.room INFO [room:drain_messages:275] Received message type MessageType.BUTTON_PRESS for player 0.
[2026-08-09 18:27:31,941] cb2game.server.state INFO [state:_drain_message:963] Received button press: KeyCode.RIGHT
[2026-08-09 18:27:32,207] cb2game.server.room INFO [room:drain_messages:275] Received message type MessageType.ACTIONS for player 0.
[2026-08-09 18:27:32,225] cb2game.server.room INFO [room:drain_messages:275] Received message type MessageType.BUTTON_PRESS for player 0.
[2026-08-09 18:27:32,225] cb2game.server.state INFO [state:_drain_message:963] Received button press: KeyCode.RIGHT
[2026-08-09 18:27:33,392] cb2game.server.room INFO [room:drain_messages:275] Received message type MessageType.ACTIONS for player 0.
[2026-08-09 18:27:33,408] cb2game.server.room INFO [room:drain_messages:275] Received message type MessageType.BUTTON_PRESS for player 0.
[2026-08-09 18:27:33,408] cb2game.server.state INFO [state:_drain_message:963] Received button press: KeyCode.RIGHT
[2026-08-09 18:27:33,959] cb2game.server.room INFO [room:drain_messages:275] Received message type MessageType.ACTIONS for player 0.
[2026-08-09 18:27:33,975] cb2game.server.room INFO [room:drain_messages:275] Received message type MessageType.BUTTON_PRESS for player 0.
[2026-08-09 18:27:33,975] cb2game.server.state INFO [state:_drain_message:963] Received button press: KeyCode.UP
[2026-08-09 18:27:34,325] cb2game.server.room INFO [room:drain_messages:275] Received message type MessageType.ACTIONS for player 0.
[2026-08-09 18:27:34,342] cb2game.server.room INFO [room:drain_messages:275] Received message type MessageType.BUTTON_PRESS for player 0.
[2026-08-09 18:27:34,342] cb2game.server.state INFO [state:_drain_message:963] Received button press: KeyCode.UP
[2026-08-09 18:27:34,760] cb2game.server.room INFO [room:drain_messages:275] Received message type MessageType.ACTIONS for player 0.
[2026-08-09 18:27:34,775] cb2game.server.room INFO [room:drain_messages:275] Received message type MessageType.BUTTON_PRESS for player 0.
[2026-08-09 18:27:34,775] cb2game.server.state INFO [state:_drain_message:963] Received button press: KeyCode.LEFT
[2026-08-09 18:27:35,043] cb2game.server.room INFO [room:drain_messages:275] Received message type MessageType.ACTIONS for player 0.
[2026-08-09 18:27:35,059] cb2game.server.room INFO [room:drain_messages:275] Received message type MessageType.BUTTON_PRESS for player 0.
[2026-08-09 18:27:35,059] cb2game.server.state INFO [state:_drain_message:963] Received button press: KeyCode.LEFT
[2026-08-09 18:27:35,760] cb2game.server.room INFO [room:drain_messages:275] Received message type MessageType.ACTIONS for player 0.
[2026-08-09 18:27:35,777] cb2game.server.room INFO [room:drain_messages:275] Received message type MessageType.BUTTON_PRESS for player 0.
[2026-08-09 18:27:35,777] cb2game.server.state INFO [state:_drain_message:963] Received button press: KeyCode.RIGHT
[2026-08-09 18:27:36,142] cb2game.server.room INFO [room:drain_messages:275] Received message type MessageType.ACTIONS for player 0.
[2026-08-09 18:27:36,159] cb2game.server.room INFO [room:drain_messages:275] Received message type MessageType.BUTTON_PRESS for player 0.
[2026-08-09 18:27:36,159] cb2game.server.state INFO [state:_drain_message:963] Received button press: KeyCode.UP
[2026-08-09 18:27:36,494] cb2game.server.room INFO [room:drain_messages:275] Received message type MessageType.ACTIONS for player 0.
[2026-08-09 18:27:36,509] cb2game.server.room INFO [room:drain_messages:275] Received message type MessageType.BUTTON_PRESS for player 0.
[2026-08-09 18:27:36,509] cb2game.server.state INFO [state:_drain_message:963] Received button press: KeyCode.UP
[2026-08-09 18:27:36,844] cb2game.server.room INFO [room:drain_messages:275] Received message type MessageType.ACTIONS for player 0.
[2026-08-09 18:27:36,860] cb2game.server.room INFO [room:drain_messages:275] Received message type MessageType.BUTTON_PRESS for player 0.
[2026-08-09 18:27:36,860] cb2game.server.state INFO [state:_drain_message:963] Received button press: KeyCode.LEFT
[2026-08-09 18:27:37,493] cb2game.server.room INFO [room:drain_messages:275] Received message type MessageType.ACTIONS for player 0.
[2026-08-09 18:27:37,510] cb2game.server.room INFO [room:drain_messages:275] Received message type MessageType.BUTTON_PRESS for player 0.
[2026-08-09 18:27:37,510] cb2game.server.state INFO [state:_drain_message:963] Received button press: KeyCode.UP
[2026-08-09 18:27:37,844] cb2game.server.room INFO [room:drain_messages:275] Received message type MessageType.ACTIONS for player 0.
[2026-08-09 18:27:37,860] cb2game.server.room INFO [room:drain_messages:275] Received message type MessageType.BUTTON_PRESS for player 0.
[2026-08-09 18:27:37,861] cb2game.server.state INFO [state:_drain_message:963] Received button press: KeyCode.UP
[2026-08-09 18:27:38,210] cb2game.server.room INFO [room:drain_messages:275] Received message type MessageType.ACTIONS for player 0.
[2026-08-09 18:27:38,228] cb2game.server.room INFO [room:drain_messages:275] Received message type MessageType.BUTTON_PRESS for player 0.
[2026-08-09 18:27:38,228] cb2game.server.state INFO [state:_drain_message:963] Received button press: KeyCode.UP
[2026-08-09 18:27:38,577] cb2game.server.room INFO [room:drain_messages:275] Received message type MessageType.ACTIONS for player 0.
[2026-08-09 18:27:38,594] cb2game.server.room INFO [room:drain_messages:275] Received message type MessageType.BUTTON_PRESS for player 0.
[2026-08-09 18:27:38,594] cb2game.server.state INFO [state:_drain_message:963] Received button press: KeyCode.LEFT
[2026-08-09 18:27:38,861] cb2game.server.room INFO [room:drain_messages:275] Received message type MessageType.ACTIONS for player 0.
[2026-08-09 18:27:38,878] cb2game.server.room INFO [room:drain_messages:275] Received message type MessageType.BUTTON_PRESS for player 0.
[2026-08-09 18:27:38,878] cb2game.server.state INFO [state:_drain_message:963] Received button press: KeyCode.LEFT
[2026-08-09 18:27:40,144] cb2game.server.room INFO [room:drain_messages:275] Received message type MessageType.ACTIONS for player 0.
[2026-08-09 18:27:40,161] cb2game.server.room INFO [room:drain_messages:275] Received message type MessageType.BUTTON_PRESS for player 0.
[2026-08-09 18:27:40,161] cb2game.server.state INFO [state:_drain_message:963] Received button press: KeyCode.UP
[2026-08-09 18:27:40,511] cb2game.server.room INFO [room:drain_messages:275] Received message type MessageType.ACTIONS for player 0.
[2026-08-09 18:27:40,529] cb2game.server.room INFO [room:drain_messages:275] Received message type MessageType.BUTTON_PRESS for player 0.
[2026-08-09 18:27:40,529] cb2game.server.state INFO [state:_drain_message:963] Received button press: KeyCode.UP
[2026-08-09 18:27:40,861] cb2game.server.room INFO [room:drain_messages:275] Received message type MessageType.ACTIONS for player 0.
[2026-08-09 18:27:40,878] cb2game.server.room INFO [room:drain_messages:275] Received message type MessageType.BUTTON_PRESS for player 0.
[2026-08-09 18:27:40,878] cb2game.server.state INFO [state:_drain_message:963] Received button press: KeyCode.RIGHT
[2026-08-09 18:27:41,129] cb2game.server.room INFO [room:drain_messages:275] Received message type MessageType.ACTIONS for player 0.
[2026-08-09 18:27:41,145] cb2game.server.room INFO [room:drain_messages:275] Received message type MessageType.BUTTON_PRESS for player 0.
[2026-08-09 18:27:41,145] cb2game.server.state INFO [state:_drain_message:963] Received button press: KeyCode.RIGHT
[2026-08-09 18:27:41,413] cb2game.server.room INFO [room:drain_messages:275] Received message type MessageType.ACTIONS for player 0.
[2026-08-09 18:27:41,429] cb2game.server.room INFO [room:drain_messages:275] Received message type MessageType.BUTTON_PRESS for player 0.
[2026-08-09 18:27:41,429] cb2game.server.state INFO [state:_drain_message:963] Received button press: KeyCode.RIGHT
[2026-08-09 18:27:41,863] cb2game.server.room INFO [room:drain_messages:275] Received message type MessageType.ACTIONS for player 0.
[2026-08-09 18:27:41,879] cb2game.server.room INFO [room:drain_messages:275] Received message type MessageType.BUTTON_PRESS for player 0.
[2026-08-09 18:27:41,880] cb2game.server.state INFO [state:_drain_message:963] Received button press: KeyCode.UP
[2026-08-09 18:27:42,229] cb2game.server.room INFO [room:drain_messages:275] Received message type MessageType.ACTIONS for player 0.
[2026-08-09 18:27:42,246] cb2game.server.room INFO [room:drain_messages:275] Received message type MessageType.BUTTON_PRESS for player 0.
[2026-08-09 18:27:42,246] cb2game.server.state INFO [state:_drain_message:963] Received button press: KeyCode.UP
[2026-08-09 18:27:42,779] cb2game.server.room INFO [room:drain_messages:275] Received message type MessageType.ACTIONS for player 0.
[2026-08-09 18:27:42,796] cb2game.server.room INFO [room:drain_messages:275] Received message type MessageType.BUTTON_PRESS for player 0.
[2026-08-09 18:27:42,796] cb2game.server.state INFO [state:_drain_message:963] Received button press: KeyCode.LEFT
[2026-08-09 18:27:43,313] cb2game.server.room INFO [room:drain_messages:275] Received message type MessageType.ACTIONS for player 0.
[2026-08-09 18:27:43,330] cb2game.server.room INFO [room:drain_messages:275] Received message type MessageType.BUTTON_PRESS for player 0.
[2026-08-09 18:27:43,330] cb2game.server.state INFO [state:_drain_message:963] Received button press: KeyCode.UP
[2026-08-09 18:27:43,680] cb2game.server.room INFO [room:drain_messages:275] Received message type MessageType.ACTIONS for player 0.
[2026-08-09 18:27:43,696] cb2game.server.room INFO [room:drain_messages:275] Received message type MessageType.BUTTON_PRESS for player 0.
[2026-08-09 18:27:43,696] cb2game.server.state INFO [state:_drain_message:963] Received button press: KeyCode.UP
[2026-08-09 18:27:44,331] cb2game.server.room INFO [room:drain_messages:275] Received message type MessageType.ACTIONS for player 0.
[2026-08-09 18:27:44,347] cb2game.server.room INFO [room:drain_messages:275] Received message type MessageType.BUTTON_PRESS for player 0.
[2026-08-09 18:27:44,347] cb2game.server.state INFO [state:_drain_message:963] Received button press: KeyCode.RIGHT
[2026-08-09 18:27:44,696] cb2game.server.room INFO [room:drain_messages:275] Received message type MessageType.ACTIONS for player 0.
[2026-08-09 18:27:44,714] cb2game.server.room INFO [room:drain_messages:275] Received message type MessageType.BUTTON_PRESS for player 0.
[2026-08-09 18:27:44,714] cb2game.server.state INFO [state:_drain_message:963] Received button press: KeyCode.UP
[2026-08-09 18:27:45,063] cb2game.server.room INFO [room:drain_messages:275] Received message type MessageType.ACTIONS for player 0.
[2026-08-09 18:27:45,081] cb2game.server.room INFO [room:drain_messages:275] Received message type MessageType.BUTTON_PRESS for player 0.
[2026-08-09 18:27:45,081] cb2game.server.state INFO [state:_drain_message:963] Received button press: KeyCode.UP
[2026-08-09 18:27:45,414] cb2game.server.room INFO [room:drain_messages:275] Received message type MessageType.ACTIONS for player 0.
[2026-08-09 18:27:45,430] cb2game.server.room INFO [room:drain_messages:275] Received message type MessageType.BUTTON_PRESS for player 0.
[2026-08-09 18:27:45,430] cb2game.server.state INFO [state:_drain_message:963] Received button press: KeyCode.UP
[2026-08-09 18:27:45,780] cb2game.server.room INFO [room:drain_messages:275] Received message type MessageType.ACTIONS for player 0.
[2026-08-09 18:27:45,797] cb2game.server.room INFO [room:drain_messages:275] Received message type MessageType.BUTTON_PRESS for player 0.
[2026-08-09 18:27:45,797] cb2game.server.state INFO [state:_drain_message:963] Received button press: KeyCode.LEFT
[2026-08-09 18:27:46,364] cb2game.server.room INFO [room:drain_messages:275] Received message type MessageType.ACTIONS for player 0.
[2026-08-09 18:27:46,381] cb2game.server.room INFO [room:drain_messages:275] Received message type MessageType.BUTTON_PRESS for player 0.
[2026-08-09 18:27:46,381] cb2game.server.state INFO [state:_drain_message:963] Received button press: KeyCode.UP
[2026-08-09 18:27:46,715] cb2game.server.room INFO [room:drain_messages:275] Received message type MessageType.ACTIONS for player 0.
[2026-08-09 18:27:46,732] cb2game.server.room INFO [room:drain_messages:275] Received message type MessageType.BUTTON_PRESS for player 0.
[2026-08-09 18:27:46,732] cb2game.server.state INFO [state:_drain_message:963] Received button press: KeyCode.UP
[2026-08-09 18:27:47,115] cb2game.server.room INFO [room:drain_messages:275] Received message type MessageType.ACTIONS for player 0.
[2026-08-09 18:27:47,131] cb2game.server.room INFO [room:drain_messages:275] Received message type MessageType.BUTTON_PRESS for player 0.
[2026-08-09 18:27:47,131] cb2game.server.state INFO [state:_drain_message:963] Received button press: KeyCode.RIGHT
[2026-08-09 18:27:47,398] cb2game.server.room INFO [room:drain_messages:275] Received message type MessageType.ACTIONS for player 0.
[2026-08-09 18:27:47,415] cb2game.server.room INFO [room:drain_messages:275] Received message type MessageType.BUTTON_PRESS for player 0.
[2026-08-09 18:27:47,415] cb2game.server.state INFO [state:_drain_message:963] Received button press: KeyCode.RIGHT
[2026-08-09 18:27:47,698] cb2game.server.room INFO [room:drain_messages:275] Received message type MessageType.ACTIONS for player 0.
[2026-08-09 18:27:47,733] cb2game.server.room INFO [room:drain_messages:275] Received message type MessageType.BUTTON_PRESS for player 0.
[2026-08-09 18:27:47,733] cb2game.server.state INFO [state:_drain_message:963] Received button press: KeyCode.UP
[2026-08-09 18:27:48,098] cb2game.server.room INFO [room:drain_messages:275] Received message type MessageType.ACTIONS for player 0.
[2026-08-09 18:27:48,116] cb2game.server.room INFO [room:drain_messages:275] Received message type MessageType.BUTTON_PRESS for player 0.
[2026-08-09 18:27:48,116] cb2game.server.state INFO [state:_drain_message:963] Received button press: KeyCode.LEFT
[2026-08-09 18:27:48,748] cb2game.server.room INFO [room:drain_messages:275] Received message type MessageType.ACTIONS for player 0.
[2026-08-09 18:27:48,765] cb2game.server.room INFO [room:drain_messages:275] Received message type MessageType.BUTTON_PRESS for player 0.
[2026-08-09 18:27:48,765] cb2game.server.state INFO [state:_drain_message:963] Received button press: KeyCode.UP
[2026-08-09 18:27:49,505] cb2game.server.room INFO [room:drain_messages:275] Received message type MessageType.SCENARIO_REQUEST for player 1.
[2026-08-09 18:28:00,287] cb2game.server.room INFO [room:drain_messages:275] Received message type MessageType.ACTIONS for player 0.
[2026-08-09 18:28:00,304] cb2game.server.room INFO [room:drain_messages:275] Received message type MessageType.BUTTON_PRESS for player 0.
[2026-08-09 18:28:00,304] cb2game.server.state INFO [state:_drain_message:963] Received button press: KeyCode.LEFT
[2026-08-09 18:28:00,572] cb2game.server.room INFO [room:drain_messages:275] Received message type MessageType.ACTIONS for player 0.
[2026-08-09 18:28:00,587] cb2game.server.room INFO [room:drain_messages:275] Received message type MessageType.BUTTON_PRESS for player 0.
[2026-08-09 18:28:00,587] cb2game.server.state INFO [state:_drain_message:963] Received button press: KeyCode.LEFT
[2026-08-09 18:28:01,188] cb2game.server.room INFO [room:drain_messages:275] Received message type MessageType.ACTIONS for player 0.
[2026-08-09 18:28:01,205] cb2game.server.room INFO [room:drain_messages:275] Received message type MessageType.BUTTON_PRESS for player 0.
[2026-08-09 18:28:01,205] cb2game.server.state INFO [state:_drain_message:963] Received button press: KeyCode.UP
[2026-08-09 18:28:01,621] cb2game.server.room INFO [room:drain_messages:275] Received message type MessageType.BUTTON_PRESS for player 0.
[2026-08-09 18:28:01,621] cb2game.server.state INFO [state:_drain_message:963] Received button press: KeyCode.S
[2026-08-09 18:28:01,621] cb2game.server.state INFO [state:_select_if_on_card:870] Selected card 25 with color: Color(r=0, g=0, b=1, a=1), selected: True
[2026-08-09 18:28:02,772] cb2game.server.room INFO [room:drain_messages:275] Received message type MessageType.ACTIONS for player 0.
[2026-08-09 18:28:02,788] cb2game.server.room INFO [room:drain_messages:275] Received message type MessageType.BUTTON_PRESS for player 0.
[2026-08-09 18:28:02,788] cb2game.server.state INFO [state:_drain_message:963] Received button press: KeyCode.LEFT
[2026-08-09 18:28:03,055] cb2game.server.room INFO [room:drain_messages:275] Received message type MessageType.ACTIONS for player 0.
[2026-08-09 18:28:03,073] cb2game.server.room INFO [room:drain_messages:275] Received message type MessageType.BUTTON_PRESS for player 0.
[2026-08-09 18:28:03,073] cb2game.server.state INFO [state:_drain_message:963] Received button press: KeyCode.LEFT
[2026-08-09 18:28:04,106] cb2game.server.room INFO [room:drain_messages:275] Received message type MessageType.ACTIONS for player 0.
[2026-08-09 18:28:04,123] cb2game.server.room INFO [room:drain_messages:275] Received message type MessageType.BUTTON_PRESS for player 0.
[2026-08-09 18:28:04,123] cb2game.server.state INFO [state:_drain_message:963] Received button press: KeyCode.LEFT
[2026-08-09 18:28:04,740] cb2game.server.room INFO [room:drain_messages:275] Received message type MessageType.ACTIONS for player 0.
[2026-08-09 18:28:04,759] cb2game.server.room INFO [room:drain_messages:275] Received message type MessageType.BUTTON_PRESS for player 0.
[2026-08-09 18:28:04,759] cb2game.server.state INFO [state:_drain_message:963] Received button press: KeyCode.UP
[2026-08-09 18:28:05,107] cb2game.server.room INFO [room:drain_messages:275] Received message type MessageType.ACTIONS for player 0.
[2026-08-09 18:28:05,124] cb2game.server.room INFO [room:drain_messages:275] Received message type MessageType.BUTTON_PRESS for player 0.
[2026-08-09 18:28:05,124] cb2game.server.state INFO [state:_drain_message:963] Received button press: KeyCode.UP
[2026-08-09 18:28:08,608] cb2game.server.room INFO [room:drain_messages:275] Received message type MessageType.ACTIONS for player 0.
[2026-08-09 18:28:08,625] cb2game.server.room INFO [room:drain_messages:275] Received message type MessageType.BUTTON_PRESS for player 0.
[2026-08-09 18:28:08,626] cb2game.server.state INFO [state:_drain_message:963] Received button press: KeyCode.RIGHT
[2026-08-09 18:28:10,158] cb2game.server.room INFO [room:drain_messages:275] Received message type MessageType.ACTIONS for player 0.
[2026-08-09 18:28:10,175] cb2game.server.room INFO [room:drain_messages:275] Received message type MessageType.BUTTON_PRESS for player 0.
[2026-08-09 18:28:10,175] cb2game.server.state INFO [state:_drain_message:963] Received button press: KeyCode.UP
[2026-08-09 18:28:10,509] cb2game.server.room INFO [room:drain_messages:275] Received message type MessageType.ACTIONS for player 0.
[2026-08-09 18:28:10,526] cb2game.server.room INFO [room:drain_messages:275] Received message type MessageType.BUTTON_PRESS for player 0.
[2026-08-09 18:28:10,526] cb2game.server.state INFO [state:_drain_message:963] Received button press: KeyCode.UP
[2026-08-09 18:28:10,876] cb2game.server.room INFO [room:drain_messages:275] Received message type MessageType.ACTIONS for player 0.
[2026-08-09 18:28:10,892] cb2game.server.room INFO [room:drain_messages:275] Received message type MessageType.BUTTON_PRESS for player 0.
[2026-08-09 18:28:10,892] cb2game.server.state INFO [state:_drain_message:963] Received button press: KeyCode.LEFT
[2026-08-09 18:28:11,443] cb2game.server.room INFO [room:drain_messages:275] Received message type MessageType.ACTIONS for player 0.
[2026-08-09 18:28:11,460] cb2game.server.room INFO [room:drain_messages:275] Received message type MessageType.BUTTON_PRESS for player 0.
[2026-08-09 18:28:11,460] cb2game.server.state INFO [state:_drain_message:963] Received button press: KeyCode.RIGHT
[2026-08-09 18:28:12,160] cb2game.server.room INFO [room:drain_messages:275] Received message type MessageType.ACTIONS for player 0.
[2026-08-09 18:28:12,176] cb2game.server.room INFO [room:drain_messages:275] Received message type MessageType.BUTTON_PRESS for player 0.
[2026-08-09 18:28:12,176] cb2game.server.state INFO [state:_drain_message:963] Received button press: KeyCode.RIGHT
[2026-08-09 18:28:12,744] cb2game.server.room INFO [room:drain_messages:275] Received message type MessageType.ACTIONS for player 0.
[2026-08-09 18:28:12,759] cb2game.server.room INFO [room:drain_messages:275] Received message type MessageType.BUTTON_PRESS for player 0.
[2026-08-09 18:28:12,760] cb2game.server.state INFO [state:_drain_message:963] Received button press: KeyCode.LEFT
[2026-08-09 18:28:13,477] cb2game.server.room INFO [room:drain_messages:275] Received message type MessageType.ACTIONS for player 0.
[2026-08-09 18:28:13,494] cb2game.server.room INFO [room:drain_messages:275] Received message type MessageType.BUTTON_PRESS for player 0.
[2026-08-09 18:28:13,494] cb2game.server.state INFO [state:_drain_message:963] Received button press: KeyCode.UP
[2026-08-09 18:28:13,843] cb2game.server.room INFO [room:drain_messages:275] Received message type MessageType.ACTIONS for player 0.
[2026-08-09 18:28:13,860] cb2game.server.room INFO [room:drain_messages:275] Received message type MessageType.BUTTON_PRESS for player 0.
[2026-08-09 18:28:13,860] cb2game.server.state INFO [state:_drain_message:963] Received button press: KeyCode.UP
[2026-08-09 18:28:15,295] cb2game.server.room INFO [room:drain_messages:275] Received message type MessageType.ACTIONS for player 0.
[2026-08-09 18:28:15,312] cb2game.server.room INFO [room:drain_messages:275] Received message type MessageType.BUTTON_PRESS for player 0.
[2026-08-09 18:28:15,312] cb2game.server.state INFO [state:_drain_message:963] Received button press: KeyCode.LEFT
[2026-08-09 18:28:18,197] cb2game.server.room INFO [room:drain_messages:275] Received message type MessageType.ACTIONS for player 0.
[2026-08-09 18:28:18,212] cb2game.server.room INFO [room:drain_messages:275] Received message type MessageType.BUTTON_PRESS for player 0.
[2026-08-09 18:28:18,212] cb2game.server.state INFO [state:_drain_message:963] Received button press: KeyCode.UP
[2026-08-09 18:28:18,562] cb2game.server.room INFO [room:drain_messages:275] Received message type MessageType.ACTIONS for player 0.
[2026-08-09 18:28:18,579] cb2game.server.room INFO [room:drain_messages:275] Received message type MessageType.BUTTON_PRESS for player 0.
[2026-08-09 18:28:18,579] cb2game.server.state INFO [state:_drain_message:963] Received button press: KeyCode.UP
[2026-08-09 18:28:18,914] cb2game.server.room INFO [room:drain_messages:275] Received message type MessageType.ACTIONS for player 0.
[2026-08-09 18:28:18,930] cb2game.server.room INFO [room:drain_messages:275] Received message type MessageType.BUTTON_PRESS for player 0.
[2026-08-09 18:28:18,930] cb2game.server.state INFO [state:_drain_message:963] Received button press: KeyCode.UP
[2026-08-09 18:28:24,032] cb2game.server.room INFO [room:drain_messages:275] Received message type MessageType.ACTIONS for player 0.
[2026-08-09 18:28:24,049] cb2game.server.room INFO [room:drain_messages:275] Received message type MessageType.BUTTON_PRESS for player 0.
[2026-08-09 18:28:24,049] cb2game.server.state INFO [state:_drain_message:963] Received button press: KeyCode.UP
[2026-08-09 18:28:24,832] cb2game.server.room INFO [room:drain_messages:275] Received message type MessageType.ACTIONS for player 0.
[2026-08-09 18:28:24,849] cb2game.server.room INFO [room:drain_messages:275] Received message type MessageType.BUTTON_PRESS for player 0.
[2026-08-09 18:28:24,849] cb2game.server.state INFO [state:_drain_message:963] Received button press: KeyCode.UP
[2026-08-09 18:28:25,183] cb2game.server.room INFO [room:drain_messages:275] Received message type MessageType.ACTIONS for player 0.
[2026-08-09 18:28:25,199] cb2game.server.room INFO [room:drain_messages:275] Received message type MessageType.BUTTON_PRESS for player 0.
[2026-08-09 18:28:25,200] cb2game.server.state INFO [state:_drain_message:963] Received button press: KeyCode.UP
[2026-08-09 18:28:25,532] cb2game.server.room INFO [room:drain_messages:275] Received message type MessageType.ACTIONS for player 0.
[2026-08-09 18:28:25,550] cb2game.server.room INFO [room:drain_messages:275] Received message type MessageType.BUTTON_PRESS for player 0.
[2026-08-09 18:28:25,550] cb2game.server.state INFO [state:_drain_message:963] Received button press: KeyCode.UP
[2026-08-09 18:28:26,299] cb2game.server.room INFO [room:drain_messages:275] Received message type MessageType.ACTIONS for player 0.
[2026-08-09 18:28:26,316] cb2game.server.room INFO [room:drain_messages:275] Received message type MessageType.BUTTON_PRESS for player 0.
[2026-08-09 18:28:26,316] cb2game.server.state INFO [state:_drain_message:963] Received button press: KeyCode.RIGHT
[2026-08-09 18:28:27,050] cb2game.server.room INFO [room:drain_messages:275] Received message type MessageType.ACTIONS for player 0.
[2026-08-09 18:28:27,067] cb2game.server.room INFO [room:drain_messages:275] Received message type MessageType.BUTTON_PRESS for player 0.
[2026-08-09 18:28:27,067] cb2game.server.state INFO [state:_drain_message:963] Received button press: KeyCode.UP
[2026-08-09 18:28:27,417] cb2game.server.room INFO [room:drain_messages:275] Received message type MessageType.ACTIONS for player 0.
[2026-08-09 18:28:27,433] cb2game.server.room INFO [room:drain_messages:275] Received message type MessageType.BUTTON_PRESS for player 0.
[2026-08-09 18:28:27,433] cb2game.server.state INFO [state:_drain_message:963] Received button press: KeyCode.RIGHT
[2026-08-09 18:28:28,050] cb2game.server.room INFO [room:drain_messages:275] Received message type MessageType.ACTIONS for player 0.
[2026-08-09 18:28:28,067] cb2game.server.room INFO [room:drain_messages:275] Received message type MessageType.BUTTON_PRESS for player 0.
[2026-08-09 18:28:28,067] cb2game.server.state INFO [state:_drain_message:963] Received button press: KeyCode.UP
[2026-08-09 18:28:28,417] cb2game.server.room INFO [room:drain_messages:275] Received message type MessageType.ACTIONS for player 0.
[2026-08-09 18:28:28,433] cb2game.server.room INFO [room:drain_messages:275] Received message type MessageType.BUTTON_PRESS for player 0.
[2026-08-09 18:28:28,434] cb2game.server.state INFO [state:_drain_message:963] Received button press: KeyCode.UP
[2026-08-09 18:28:28,784] cb2game.server.room INFO [room:drain_messages:275] Received message type MessageType.ACTIONS for player 0.
[2026-08-09 18:28:28,800] cb2game.server.room INFO [room:drain_messages:275] Received message type MessageType.BUTTON_PRESS for player 0.
[2026-08-09 18:28:28,800] cb2game.server.state INFO [state:_drain_message:963] Received button press: KeyCode.LEFT
[2026-08-09 18:28:29,385] cb2game.server.room INFO [room:drain_messages:275] Received message type MessageType.ACTIONS for player 0.
[2026-08-09 18:28:29,401] cb2game.server.room INFO [room:drain_messages:275] Received message type MessageType.BUTTON_PRESS for player 0.
[2026-08-09 18:28:29,402] cb2game.server.state INFO [state:_drain_message:963] Received button press: KeyCode.UP
[2026-08-09 18:28:29,751] cb2game.server.room INFO [room:drain_messages:275] Received message type MessageType.ACTIONS for player 0.
[2026-08-09 18:28:29,767] cb2game.server.room INFO [room:drain_messages:275] Received message type MessageType.BUTTON_PRESS for player 0.
[2026-08-09 18:28:29,767] cb2game.server.state INFO [state:_drain_message:963] Received button press: KeyCode.UP
[2026-08-09 18:28:41,390] cb2game.server.room INFO [room:drain_messages:275] Received message type MessageType.ACTIONS for player 0.
[2026-08-09 18:28:41,407] cb2game.server.room INFO [room:drain_messages:275] Received message type MessageType.BUTTON_PRESS for player 0.
[2026-08-09 18:28:41,407] cb2game.server.state INFO [state:_drain_message:963] Received button press: KeyCode.UP
[2026-08-09 18:28:41,773] cb2game.server.room INFO [room:drain_messages:275] Received message type MessageType.ACTIONS for player 0.
[2026-08-09 18:28:41,790] cb2game.server.room INFO [room:drain_messages:275] Received message type MessageType.BUTTON_PRESS for player 0.
[2026-08-09 18:28:41,790] cb2game.server.state INFO [state:_drain_message:963] Received button press: KeyCode.RIGHT
[2026-08-09 18:28:42,274] cb2game.server.room INFO [room:drain_messages:275] Received message type MessageType.ACTIONS for player 0.
[2026-08-09 18:28:42,291] cb2game.server.room INFO [room:drain_messages:275] Received message type MessageType.BUTTON_PRESS for player 0.
[2026-08-09 18:28:42,291] cb2game.server.state INFO [state:_drain_message:963] Received button press: KeyCode.UP
[2026-08-09 18:28:42,641] cb2game.server.room INFO [room:drain_messages:275] Received message type MessageType.ACTIONS for player 0.
[2026-08-09 18:28:42,657] cb2game.server.room INFO [room:drain_messages:275] Received message type MessageType.BUTTON_PRESS for player 0.
[2026-08-09 18:28:42,657] cb2game.server.state INFO [state:_drain_message:963] Received button press: KeyCode.UP
[2026-08-09 18:28:43,008] cb2game.server.room INFO [room:drain_messages:275] Received message type MessageType.ACTIONS for player 0.
[2026-08-09 18:28:43,024] cb2game.server.room INFO [room:drain_messages:275] Received message type MessageType.BUTTON_PRESS for player 0.
[2026-08-09 18:28:43,024] cb2game.server.state INFO [state:_drain_message:963] Received button press: KeyCode.UP
[2026-08-09 18:28:43,525] cb2game.server.room INFO [room:drain_messages:275] Received message type MessageType.ACTIONS for player 0.
[2026-08-09 18:28:43,541] cb2game.server.room INFO [room:drain_messages:275] Received message type MessageType.BUTTON_PRESS for player 0.
[2026-08-09 18:28:43,541] cb2game.server.state INFO [state:_drain_message:963] Received button press: KeyCode.RIGHT
[2026-08-09 18:28:43,807] cb2game.server.room INFO [room:drain_messages:275] Received message type MessageType.ACTIONS for player 0.
[2026-08-09 18:28:43,824] cb2game.server.room INFO [room:drain_messages:275] Received message type MessageType.BUTTON_PRESS for player 0.
[2026-08-09 18:28:43,824] cb2game.server.state INFO [state:_drain_message:963] Received button press: KeyCode.RIGHT
[2026-08-09 18:28:44,424] cb2game.server.room INFO [room:drain_messages:275] Received message type MessageType.ACTIONS for player 0.
[2026-08-09 18:28:44,441] cb2game.server.room INFO [room:drain_messages:275] Received message type MessageType.BUTTON_PRESS for player 0.
[2026-08-09 18:28:44,442] cb2game.server.state INFO [state:_drain_message:963] Received button press: KeyCode.LEFT
[2026-08-09 18:28:45,059] cb2game.server.room INFO [room:drain_messages:275] Received message type MessageType.ACTIONS for player 0.
[2026-08-09 18:28:45,076] cb2game.server.room INFO [room:drain_messages:275] Received message type MessageType.BUTTON_PRESS for player 0.
[2026-08-09 18:28:45,076] cb2game.server.state INFO [state:_drain_message:963] Received button press: KeyCode.UP
[2026-08-09 18:28:45,425] cb2game.server.room INFO [room:drain_messages:275] Received message type MessageType.ACTIONS for player 0.
[2026-08-09 18:28:45,441] cb2game.server.room INFO [room:drain_messages:275] Received message type MessageType.BUTTON_PRESS for player 0.
[2026-08-09 18:28:45,441] cb2game.server.state INFO [state:_drain_message:963] Received button press: KeyCode.UP
[2026-08-09 18:28:47,827] cb2game.server.room INFO [room:drain_messages:275] Received message type MessageType.ACTIONS for player 0.
[2026-08-09 18:28:47,842] cb2game.server.room INFO [room:drain_messages:275] Received message type MessageType.BUTTON_PRESS for player 0.
[2026-08-09 18:28:47,842] cb2game.server.state INFO [state:_drain_message:963] Received button press: KeyCode.UP
[2026-08-09 18:28:48,193] cb2game.server.room INFO [room:drain_messages:275] Received message type MessageType.ACTIONS for player 0.
[2026-08-09 18:28:48,210] cb2game.server.room INFO [room:drain_messages:275] Received message type MessageType.BUTTON_PRESS for player 0.
[2026-08-09 18:28:48,210] cb2game.server.state INFO [state:_drain_message:963] Received button press: KeyCode.UP
[2026-08-09 18:28:48,559] cb2game.server.room INFO [room:drain_messages:275] Received message type MessageType.ACTIONS for player 0.
[2026-08-09 18:28:48,576] cb2game.server.room INFO [room:drain_messages:275] Received message type MessageType.BUTTON_PRESS for player 0.
[2026-08-09 18:28:48,576] cb2game.server.state INFO [state:_drain_message:963] Received button press: KeyCode.UP
[2026-08-09 18:28:48,910] cb2game.server.room INFO [room:drain_messages:275] Received message type MessageType.ACTIONS for player 0.
[2026-08-09 18:28:48,927] cb2game.server.room INFO [room:drain_messages:275] Received message type MessageType.BUTTON_PRESS for player 0.
[2026-08-09 18:28:48,927] cb2game.server.state INFO [state:_drain_message:963] Received button press: KeyCode.UP
[2026-08-09 18:28:49,277] cb2game.server.room INFO [room:drain_messages:275] Received message type MessageType.ACTIONS for player 0.
[2026-08-09 18:28:49,294] cb2game.server.room INFO [room:drain_messages:275] Received message type MessageType.BUTTON_PRESS for player 0.
[2026-08-09 18:28:49,294] cb2game.server.state INFO [state:_drain_message:963] Received button press: KeyCode.UP
[2026-08-09 18:28:49,661] cb2game.server.room INFO [room:drain_messages:275] Received message type MessageType.ACTIONS for player 0.
[2026-08-09 18:28:49,678] cb2game.server.room INFO [room:drain_messages:275] Received message type MessageType.BUTTON_PRESS for player 0.
[2026-08-09 18:28:49,678] cb2game.server.state INFO [state:_drain_message:963] Received button press: KeyCode.RIGHT
[2026-08-09 18:28:50,260] cb2game.server.room INFO [room:drain_messages:275] Received message type MessageType.ACTIONS for player 0.
[2026-08-09 18:28:50,278] cb2game.server.room INFO [room:drain_messages:275] Received message type MessageType.BUTTON_PRESS for player 0.
[2026-08-09 18:28:50,278] cb2game.server.state INFO [state:_drain_message:963] Received button press: KeyCode.UP
[2026-08-09 18:28:50,547] aiohttp.access INFO [web_log:log:206] 127.0.0.1 [10/Aug/2026:01:28:50 +0000] "GET /data/config HTTP/1.1" 200 15213 "http://127.0.0.1:8080/play?lobby_name=scenario-lobby&auto=join_game_queue" "Mozilla/5.0 (Macintosh; Intel Mac OS X 10_15_7) AppleWebKit/537.36 (KHTML, like Gecko) Chrome/150.0.0.0 Safari/537.36"
[2026-08-09 18:28:50,628] cb2game.server.room INFO [room:drain_messages:275] Received message type MessageType.ACTIONS for player 0.
[2026-08-09 18:28:50,645] cb2game.server.room INFO [room:drain_messages:275] Received message type MessageType.BUTTON_PRESS for player 0.
[2026-08-09 18:28:50,645] cb2game.server.state INFO [state:_drain_message:963] Received button press: KeyCode.UP
[2026-08-09 18:28:50,995] cb2game.server.room INFO [room:drain_messages:275] Received message type MessageType.ACTIONS for player 0.
[2026-08-09 18:28:51,011] cb2game.server.room INFO [room:drain_messages:275] Received message type MessageType.BUTTON_PRESS for player 0.
[2026-08-09 18:28:51,011] cb2game.server.state INFO [state:_drain_message:963] Received button press: KeyCode.UP
[2026-08-09 18:28:51,377] cb2game.server.room INFO [room:drain_messages:275] Received message type MessageType.ACTIONS for player 0.
[2026-08-09 18:28:51,395] cb2game.server.room INFO [room:drain_messages:275] Received message type MessageType.BUTTON_PRESS for player 0.
[2026-08-09 18:28:51,395] cb2game.server.state INFO [state:_drain_message:963] Received button press: KeyCode.RIGHT
[2026-08-09 18:28:53,112] cb2game.server.room INFO [room:drain_messages:275] Received message type MessageType.ACTIONS for player 0.
[2026-08-09 18:28:53,129] cb2game.server.room INFO [room:drain_messages:275] Received message type MessageType.BUTTON_PRESS for player 0.
[2026-08-09 18:28:53,129] cb2game.server.state INFO [state:_drain_message:963] Received button press: KeyCode.UP
[2026-08-09 18:28:53,479] cb2game.server.room INFO [room:drain_messages:275] Received message type MessageType.ACTIONS for player 0.
[2026-08-09 18:28:53,496] cb2game.server.room INFO [room:drain_messages:275] Received message type MessageType.BUTTON_PRESS for player 0.
[2026-08-09 18:28:53,496] cb2game.server.state INFO [state:_drain_message:963] Received button press: KeyCode.UP
[2026-08-09 18:28:53,845] cb2game.server.room INFO [room:drain_messages:275] Received message type MessageType.ACTIONS for player 0.
[2026-08-09 18:28:53,863] cb2game.server.room INFO [room:drain_messages:275] Received message type MessageType.BUTTON_PRESS for player 0.
[2026-08-09 18:28:53,863] cb2game.server.state INFO [state:_drain_message:963] Received button press: KeyCode.UP
[2026-08-09 18:29:22,225] cb2game.server.room INFO [room:drain_messages:275] Received message type MessageType.ACTIONS for player 0.
[2026-08-09 18:29:22,242] cb2game.server.room INFO [room:drain_messages:275] Received message type MessageType.BUTTON_PRESS for player 0.
[2026-08-09 18:29:22,243] cb2game.server.state INFO [state:_drain_message:963] Received button press: KeyCode.RIGHT
[2026-08-09 18:29:22,876] cb2game.server.room INFO [room:drain_messages:275] Received message type MessageType.ACTIONS for player 0.
[2026-08-09 18:29:22,893] cb2game.server.room INFO [room:drain_messages:275] Received message type MessageType.BUTTON_PRESS for player 0.
[2026-08-09 18:29:22,893] cb2game.server.state INFO [state:_drain_message:963] Received button press: KeyCode.UP
[2026-08-09 18:29:23,610] cb2game.server.room INFO [room:drain_messages:275] Received message type MessageType.ACTIONS for player 0.
[2026-08-09 18:29:23,627] cb2game.server.room INFO [room:drain_messages:275] Received message type MessageType.BUTTON_PRESS for player 0.
[2026-08-09 18:29:23,627] cb2game.server.state INFO [state:_drain_message:963] Received button press: KeyCode.UP
[2026-08-09 18:29:23,976] cb2game.server.room INFO [room:drain_messages:275] Received message type MessageType.ACTIONS for player 0.
[2026-08-09 18:29:23,992] cb2game.server.room INFO [room:drain_messages:275] Received message type MessageType.BUTTON_PRESS for player 0.
[2026-08-09 18:29:23,993] cb2game.server.state INFO [state:_drain_message:963] Received button press: KeyCode.UP
[2026-08-09 18:29:24,326] cb2game.server.room INFO [room:drain_messages:275] Received message type MessageType.ACTIONS for player 0.
[2026-08-09 18:29:24,344] cb2game.server.room INFO [room:drain_messages:275] Received message type MessageType.BUTTON_PRESS for player 0.
[2026-08-09 18:29:24,344] cb2game.server.state INFO [state:_drain_message:963] Received button press: KeyCode.UP
[2026-08-09 18:29:25,026] cb2game.server.room INFO [room:drain_messages:275] Received message type MessageType.ACTIONS for player 0.
[2026-08-09 18:29:25,043] cb2game.server.room INFO [room:drain_messages:275] Received message type MessageType.BUTTON_PRESS for player 0.
[2026-08-09 18:29:25,043] cb2game.server.state INFO [state:_drain_message:963] Received button press: KeyCode.LEFT
[2026-08-09 18:29:25,727] cb2game.server.room INFO [room:drain_messages:275] Received message type MessageType.ACTIONS for player 0.
[2026-08-09 18:29:25,748] cb2game.server.room INFO [room:drain_messages:275] Received message type MessageType.BUTTON_PRESS for player 0.
[2026-08-09 18:29:25,748] cb2game.server.state INFO [state:_drain_message:963] Received button press: KeyCode.UP
[2026-08-09 18:29:26,595] cb2game.server.room INFO [room:drain_messages:275] Received message type MessageType.ACTIONS for player 0.
[2026-08-09 18:29:26,611] cb2game.server.room INFO [room:drain_messages:275] Received message type MessageType.BUTTON_PRESS for player 0.
[2026-08-09 18:29:26,611] cb2game.server.state INFO [state:_drain_message:963] Received button press: KeyCode.UP
[2026-08-09 18:29:26,961] cb2game.server.room INFO [room:drain_messages:275] Received message type MessageType.ACTIONS for player 0.
[2026-08-09 18:29:26,978] cb2game.server.room INFO [room:drain_messages:275] Received message type MessageType.BUTTON_PRESS for player 0.
[2026-08-09 18:29:26,978] cb2game.server.state INFO [state:_drain_message:963] Received button press: KeyCode.UP
[2026-08-09 18:29:27,711] cb2game.server.room INFO [room:drain_messages:275] Received message type MessageType.ACTIONS for player 0.
[2026-08-09 18:29:27,728] cb2game.server.room INFO [room:drain_messages:275] Received message type MessageType.BUTTON_PRESS for player 0.
[2026-08-09 18:29:27,728] cb2game.server.state INFO [state:_drain_message:963] Received button press: KeyCode.RIGHT
[2026-08-09 18:29:27,994] cb2game.server.room INFO [room:drain_messages:275] Received message type MessageType.ACTIONS for player 0.
[2026-08-09 18:29:28,012] cb2game.server.room INFO [room:drain_messages:275] Received message type MessageType.BUTTON_PRESS for player 0.
[2026-08-09 18:29:28,012] cb2game.server.state INFO [state:_drain_message:963] Received button press: KeyCode.RIGHT
[2026-08-09 18:29:29,662] cb2game.server.room INFO [room:drain_messages:275] Received message type MessageType.ACTIONS for player 0.
[2026-08-09 18:29:29,680] cb2game.server.room INFO [room:drain_messages:275] Received message type MessageType.BUTTON_PRESS for player 0.
[2026-08-09 18:29:29,680] cb2game.server.state INFO [state:_drain_message:963] Received button press: KeyCode.RIGHT
[2026-08-09 18:29:30,213] cb2game.server.room INFO [room:drain_messages:275] Received message type MessageType.ACTIONS for player 0.
[2026-08-09 18:29:30,230] cb2game.server.room INFO [room:drain_messages:275] Received message type MessageType.BUTTON_PRESS for player 0.
[2026-08-09 18:29:30,230] cb2game.server.state INFO [state:_drain_message:963] Received button press: KeyCode.UP
[2026-08-09 18:29:30,580] cb2game.server.room INFO [room:drain_messages:275] Received message type MessageType.ACTIONS for player 0.
[2026-08-09 18:29:30,596] cb2game.server.room INFO [room:drain_messages:275] Received message type MessageType.BUTTON_PRESS for player 0.
[2026-08-09 18:29:30,597] cb2game.server.state INFO [state:_drain_message:963] Received button press: KeyCode.UP
[2026-08-09 18:29:30,947] cb2game.server.room INFO [room:drain_messages:275] Received message type MessageType.ACTIONS for player 0.
[2026-08-09 18:29:30,963] cb2game.server.room INFO [room:drain_messages:275] Received message type MessageType.BUTTON_PRESS for player 0.
[2026-08-09 18:29:30,964] cb2game.server.state INFO [state:_drain_message:963] Received button press: KeyCode.UP
[2026-08-09 18:29:31,313] cb2game.server.room INFO [room:drain_messages:275] Received message type MessageType.ACTIONS for player 0.
[2026-08-09 18:29:31,329] cb2game.server.room INFO [room:drain_messages:275] Received message type MessageType.BUTTON_PRESS for player 0.
[2026-08-09 18:29:31,329] cb2game.server.state INFO [state:_drain_message:963] Received button press: KeyCode.LEFT
[2026-08-09 18:29:31,880] cb2game.server.room INFO [room:drain_messages:275] Received message type MessageType.ACTIONS for player 0.
[2026-08-09 18:29:31,897] cb2game.server.room INFO [room:drain_messages:275] Received message type MessageType.BUTTON_PRESS for player 0.
[2026-08-09 18:29:31,897] cb2game.server.state INFO [state:_drain_message:963] Received button press: KeyCode.UP
[2026-08-09 18:29:32,331] cb2game.server.room INFO [room:drain_messages:275] Received message type MessageType.ACTIONS for player 0.
[2026-08-09 18:29:32,347] cb2game.server.room INFO [room:drain_messages:275] Received message type MessageType.BUTTON_PRESS for player 0.
[2026-08-09 18:29:32,347] cb2game.server.state INFO [state:_drain_message:963] Received button press: KeyCode.RIGHT
[2026-08-09 18:29:32,781] cb2game.server.room INFO [room:drain_messages:275] Received message type MessageType.ACTIONS for player 0.
[2026-08-09 18:29:32,798] cb2game.server.room INFO [room:drain_messages:275] Received message type MessageType.BUTTON_PRESS for player 0.
[2026-08-09 18:29:32,798] cb2game.server.state INFO [state:_drain_message:963] Received button press: KeyCode.UP
[2026-08-09 18:29:33,181] cb2game.server.room INFO [room:drain_messages:275] Received message type MessageType.ACTIONS for player 0.
[2026-08-09 18:29:33,197] cb2game.server.room INFO [room:drain_messages:275] Received message type MessageType.BUTTON_PRESS for player 0.
[2026-08-09 18:29:33,197] cb2game.server.state INFO [state:_drain_message:963] Received button press: KeyCode.LEFT
[2026-08-09 18:29:33,631] cb2game.server.room INFO [room:drain_messages:275] Received message type MessageType.ACTIONS for player 0.
[2026-08-09 18:29:33,647] cb2game.server.room INFO [room:drain_messages:275] Received message type MessageType.BUTTON_PRESS for player 0.
[2026-08-09 18:29:33,647] cb2game.server.state INFO [state:_drain_message:963] Received button press: KeyCode.UP
[2026-08-09 18:29:33,998] cb2game.server.room INFO [room:drain_messages:275] Received message type MessageType.ACTIONS for player 0.
[2026-08-09 18:29:34,014] cb2game.server.room INFO [room:drain_messages:275] Received message type MessageType.BUTTON_PRESS for player 0.
[2026-08-09 18:29:34,014] cb2game.server.state INFO [state:_drain_message:963] Received button press: KeyCode.UP
[2026-08-09 18:29:34,364] cb2game.server.room INFO [room:drain_messages:275] Received message type MessageType.ACTIONS for player 0.
[2026-08-09 18:29:34,381] cb2game.server.room INFO [room:drain_messages:275] Received message type MessageType.BUTTON_PRESS for player 0.
[2026-08-09 18:29:34,381] cb2game.server.state INFO [state:_drain_message:963] Received button press: KeyCode.LEFT
[2026-08-09 18:29:34,648] cb2game.server.room INFO [room:drain_messages:275] Received message type MessageType.ACTIONS for player 0.
[2026-08-09 18:29:34,664] cb2game.server.room INFO [room:drain_messages:275] Received message type MessageType.BUTTON_PRESS for player 0.
[2026-08-09 18:29:34,664] cb2game.server.state INFO [state:_drain_message:963] Received button press: KeyCode.LEFT
[2026-08-09 18:29:35,381] cb2game.server.room INFO [room:drain_messages:275] Received message type MessageType.ACTIONS for player 0.
[2026-08-09 18:29:35,399] cb2game.server.room INFO [room:drain_messages:275] Received message type MessageType.BUTTON_PRESS for player 0.
[2026-08-09 18:29:35,399] cb2game.server.state INFO [state:_drain_message:963] Received button press: KeyCode.RIGHT
[2026-08-09 18:29:36,182] cb2game.server.room INFO [room:drain_messages:275] Received message type MessageType.ACTIONS for player 0.
[2026-08-09 18:29:36,199] cb2game.server.room INFO [room:drain_messages:275] Received message type MessageType.BUTTON_PRESS for player 0.
[2026-08-09 18:29:36,199] cb2game.server.state INFO [state:_drain_message:963] Received button press: KeyCode.UP
[2026-08-09 18:29:36,566] cb2game.server.room INFO [room:drain_messages:275] Received message type MessageType.ACTIONS for player 0.
[2026-08-09 18:29:36,583] cb2game.server.room INFO [room:drain_messages:275] Received message type MessageType.BUTTON_PRESS for player 0.
[2026-08-09 18:29:36,583] cb2game.server.state INFO [state:_drain_message:963] Received button press: KeyCode.LEFT
[2026-08-09 18:29:37,050] cb2game.server.room INFO [room:drain_messages:275] Received message type MessageType.ACTIONS for player 0.
[2026-08-09 18:29:37,066] cb2game.server.room INFO [room:drain_messages:275] Received message type MessageType.BUTTON_PRESS for player 0.
[2026-08-09 18:29:37,066] cb2game.server.state INFO [state:_drain_message:963] Received button press: KeyCode.LEFT
[2026-08-09 18:29:37,333] cb2game.server.room INFO [room:drain_messages:275] Received message type MessageType.ACTIONS for player 0.
[2026-08-09 18:29:37,349] cb2game.server.room INFO [room:drain_messages:275] Received message type MessageType.BUTTON_PRESS for player 0.
[2026-08-09 18:29:37,349] cb2game.server.state INFO [state:_drain_message:963] Received button press: KeyCode.LEFT
[2026-08-09 18:29:37,982] cb2game.server.room INFO [room:drain_messages:275] Received message type MessageType.ACTIONS for player 0.
[2026-08-09 18:29:38,000] cb2game.server.room INFO [room:drain_messages:275] Received message type MessageType.BUTTON_PRESS for player 0.
[2026-08-09 18:29:38,000] cb2game.server.state INFO [state:_drain_message:963] Received button press: KeyCode.UP
[2026-08-09 18:29:38,500] cb2game.server.room INFO [room:drain_messages:275] Received message type MessageType.ACTIONS for player 0.
[2026-08-09 18:29:38,516] cb2game.server.room INFO [room:drain_messages:275] Received message type MessageType.BUTTON_PRESS for player 0.
[2026-08-09 18:29:38,516] cb2game.server.state INFO [state:_drain_message:963] Received button press: KeyCode.LEFT
[2026-08-09 18:29:38,983] cb2game.server.room INFO [room:drain_messages:275] Received message type MessageType.ACTIONS for player 0.
[2026-08-09 18:29:38,999] cb2game.server.room INFO [room:drain_messages:275] Received message type MessageType.BUTTON_PRESS for player 0.
[2026-08-09 18:29:39,000] cb2game.server.state INFO [state:_drain_message:963] Received button press: KeyCode.UP
[2026-08-09 18:29:39,351] cb2game.server.room INFO [room:drain_messages:275] Received message type MessageType.ACTIONS for player 0.
[2026-08-09 18:29:39,367] cb2game.server.room INFO [room:drain_messages:275] Received message type MessageType.BUTTON_PRESS for player 0.
[2026-08-09 18:29:39,367] cb2game.server.state INFO [state:_drain_message:963] Received button press: KeyCode.UP
[2026-08-09 18:29:39,701] cb2game.server.room INFO [room:drain_messages:275] Received message type MessageType.ACTIONS for player 0.
[2026-08-09 18:29:39,716] cb2game.server.room INFO [room:drain_messages:275] Received message type MessageType.BUTTON_PRESS for player 0.
[2026-08-09 18:29:39,716] cb2game.server.state INFO [state:_drain_message:963] Received button press: KeyCode.RIGHT
[2026-08-09 18:29:40,217] cb2game.server.room INFO [room:drain_messages:275] Received message type MessageType.ACTIONS for player 0.
[2026-08-09 18:29:40,234] cb2game.server.room INFO [room:drain_messages:275] Received message type MessageType.BUTTON_PRESS for player 0.
[2026-08-09 18:29:40,234] cb2game.server.state INFO [state:_drain_message:963] Received button press: KeyCode.UP
[2026-08-09 18:29:40,584] cb2game.server.room INFO [room:drain_messages:275] Received message type MessageType.ACTIONS for player 0.
[2026-08-09 18:29:40,600] cb2game.server.room INFO [room:drain_messages:275] Received message type MessageType.BUTTON_PRESS for player 0.
[2026-08-09 18:29:40,600] cb2game.server.state INFO [state:_drain_message:963] Received button press: KeyCode.UP
[2026-08-09 18:29:40,935] cb2game.server.room INFO [room:drain_messages:275] Received message type MessageType.ACTIONS for player 0.
[2026-08-09 18:29:40,951] cb2game.server.room INFO [room:drain_messages:275] Received message type MessageType.BUTTON_PRESS for player 0.
[2026-08-09 18:29:40,951] cb2game.server.state INFO [state:_drain_message:963] Received button press: KeyCode.UP
[2026-08-09 18:29:41,301] cb2game.server.room INFO [room:drain_messages:275] Received message type MessageType.ACTIONS for player 0.
[2026-08-09 18:29:41,317] cb2game.server.room INFO [room:drain_messages:275] Received message type MessageType.BUTTON_PRESS for player 0.
[2026-08-09 18:29:41,317] cb2game.server.state INFO [state:_drain_message:963] Received button press: KeyCode.UP
[2026-08-09 18:29:41,668] cb2game.server.room INFO [room:drain_messages:275] Received message type MessageType.ACTIONS for player 0.
[2026-08-09 18:29:41,685] cb2game.server.room INFO [room:drain_messages:275] Received message type MessageType.BUTTON_PRESS for player 0.
[2026-08-09 18:29:41,685] cb2game.server.state INFO [state:_drain_message:963] Received button press: KeyCode.UP
[2026-08-09 18:29:42,034] cb2game.server.room INFO [room:drain_messages:275] Received message type MessageType.ACTIONS for player 0.
[2026-08-09 18:29:42,052] cb2game.server.room INFO [room:drain_messages:275] Received message type MessageType.BUTTON_PRESS for player 0.
[2026-08-09 18:29:42,052] cb2game.server.state INFO [state:_drain_message:963] Received button press: KeyCode.UP
[2026-08-09 18:29:42,386] cb2game.server.room INFO [room:drain_messages:275] Received message type MessageType.ACTIONS for player 0.
[2026-08-09 18:29:42,401] cb2game.server.room INFO [room:drain_messages:275] Received message type MessageType.BUTTON_PRESS for player 0.
[2026-08-09 18:29:42,402] cb2game.server.state INFO [state:_drain_message:963] Received button press: KeyCode.UP
[2026-08-09 18:29:43,468] cb2game.server.room INFO [room:drain_messages:275] Received message type MessageType.ACTIONS for player 0.
[2026-08-09 18:29:43,485] cb2game.server.room INFO [room:drain_messages:275] Received message type MessageType.BUTTON_PRESS for player 0.
[2026-08-09 18:29:43,485] cb2game.server.state INFO [state:_drain_message:963] Received button press: KeyCode.DOWN
[2026-08-09 18:29:43,835] cb2game.server.room INFO [room:drain_messages:275] Received message type MessageType.ACTIONS for player 0.
[2026-08-09 18:29:43,853] cb2game.server.room INFO [room:drain_messages:275] Received message type MessageType.BUTTON_PRESS for player 0.
[2026-08-09 18:29:43,853] cb2game.server.state INFO [state:_drain_message:963] Received button press: KeyCode.DOWN
[2026-08-09 18:29:44,186] cb2game.server.room INFO [room:drain_messages:275] Received message type MessageType.ACTIONS for player 0.
[2026-08-09 18:29:44,203] cb2game.server.room INFO [room:drain_messages:275] Received message type MessageType.BUTTON_PRESS for player 0.
[2026-08-09 18:29:44,203] cb2game.server.state INFO [state:_drain_message:963] Received button press: KeyCode.RIGHT
[2026-08-09 18:29:44,703] cb2game.server.room INFO [room:drain_messages:275] Received message type MessageType.ACTIONS for player 0.
[2026-08-09 18:29:44,720] cb2game.server.room INFO [room:drain_messages:275] Received message type MessageType.BUTTON_PRESS for player 0.
[2026-08-09 18:29:44,720] cb2game.server.state INFO [state:_drain_message:963] Received button press: KeyCode.UP
[2026-08-09 18:29:45,069] cb2game.server.room INFO [room:drain_messages:275] Received message type MessageType.ACTIONS for player 0.
[2026-08-09 18:29:45,087] cb2game.server.room INFO [room:drain_messages:275] Received message type MessageType.BUTTON_PRESS for player 0.
[2026-08-09 18:29:45,087] cb2game.server.state INFO [state:_drain_message:963] Received button press: KeyCode.UP
[2026-08-09 18:29:45,437] cb2game.server.room INFO [room:drain_messages:275] Received message type MessageType.ACTIONS for player 0.
[2026-08-09 18:29:45,453] cb2game.server.room INFO [room:drain_messages:275] Received message type MessageType.BUTTON_PRESS for player 0.
[2026-08-09 18:29:45,453] cb2game.server.state INFO [state:_drain_message:963] Received button press: KeyCode.UP
[2026-08-09 18:29:45,804] cb2game.server.room INFO [room:drain_messages:275] Received message type MessageType.ACTIONS for player 0.
[2026-08-09 18:29:45,820] cb2game.server.room INFO [room:drain_messages:275] Received message type MessageType.BUTTON_PRESS for player 0.
[2026-08-09 18:29:45,820] cb2game.server.state INFO [state:_drain_message:963] Received button press: KeyCode.UP
[2026-08-09 18:29:46,154] cb2game.server.room INFO [room:drain_messages:275] Received message type MessageType.ACTIONS for player 0.
[2026-08-09 18:29:46,170] cb2game.server.room INFO [room:drain_messages:275] Received message type MessageType.BUTTON_PRESS for player 0.
[2026-08-09 18:29:46,171] cb2game.server.state INFO [state:_drain_message:963] Received button press: KeyCode.UP
[2026-08-09 18:29:46,887] cb2game.server.room INFO [room:drain_messages:275] Received message type MessageType.ACTIONS for player 0.
[2026-08-09 18:29:46,904] cb2game.server.room INFO [room:drain_messages:275] Received message type MessageType.BUTTON_PRESS for player 0.
[2026-08-09 18:29:46,904] cb2game.server.state INFO [state:_drain_message:963] Received button press: KeyCode.RIGHT
[2026-08-09 18:29:47,854] cb2game.server.room INFO [room:drain_messages:275] Received message type MessageType.ACTIONS for player 0.
[2026-08-09 18:29:47,871] cb2game.server.room INFO [room:drain_messages:275] Received message type MessageType.BUTTON_PRESS for player 0.
[2026-08-09 18:29:47,871] cb2game.server.state INFO [state:_drain_message:963] Received button press: KeyCode.UP
[2026-08-09 18:29:48,288] cb2game.server.room INFO [room:drain_messages:275] Received message type MessageType.ACTIONS for player 0.
[2026-08-09 18:29:48,304] cb2game.server.room INFO [room:drain_messages:275] Received message type MessageType.BUTTON_PRESS for player 0.
[2026-08-09 18:29:48,304] cb2game.server.state INFO [state:_drain_message:963] Received button press: KeyCode.LEFT
[2026-08-09 18:29:48,738] cb2game.server.room INFO [room:drain_messages:275] Received message type MessageType.ACTIONS for player 0.
[2026-08-09 18:29:48,754] cb2game.server.room INFO [room:drain_messages:275] Received message type MessageType.BUTTON_PRESS for player 0.
[2026-08-09 18:29:48,754] cb2game.server.state INFO [state:_drain_message:963] Received button press: KeyCode.UP
[2026-08-09 18:29:49,105] cb2game.server.room INFO [room:drain_messages:275] Received message type MessageType.ACTIONS for player 0.
[2026-08-09 18:29:49,122] cb2game.server.room INFO [room:drain_messages:275] Received message type MessageType.BUTTON_PRESS for player 0.
[2026-08-09 18:29:49,122] cb2game.server.state INFO [state:_drain_message:963] Received button press: KeyCode.UP
[2026-08-09 18:29:49,705] cb2game.server.room INFO [room:drain_messages:275] Received message type MessageType.ACTIONS for player 0.
[2026-08-09 18:29:49,722] cb2game.server.room INFO [room:drain_messages:275] Received message type MessageType.BUTTON_PRESS for player 0.
[2026-08-09 18:29:49,722] cb2game.server.state INFO [state:_drain_message:963] Received button press: KeyCode.RIGHT
[2026-08-09 18:29:50,239] cb2game.server.room INFO [room:drain_messages:275] Received message type MessageType.ACTIONS for player 0.
[2026-08-09 18:29:50,255] cb2game.server.room INFO [room:drain_messages:275] Received message type MessageType.BUTTON_PRESS for player 0.
[2026-08-09 18:29:50,256] cb2game.server.state INFO [state:_drain_message:963] Received button press: KeyCode.UP
[2026-08-09 18:29:50,606] cb2game.server.room INFO [room:drain_messages:275] Received message type MessageType.ACTIONS for player 0.
[2026-08-09 18:29:50,622] cb2game.server.room INFO [room:drain_messages:275] Received message type MessageType.BUTTON_PRESS for player 0.
[2026-08-09 18:29:50,623] cb2game.server.state INFO [state:_drain_message:963] Received button press: KeyCode.UP
[2026-08-09 18:29:50,973] cb2game.server.room INFO [room:drain_messages:275] Received message type MessageType.ACTIONS for player 0.
[2026-08-09 18:29:50,989] cb2game.server.room INFO [room:drain_messages:275] Received message type MessageType.BUTTON_PRESS for player 0.
[2026-08-09 18:29:50,989] cb2game.server.state INFO [state:_drain_message:963] Received button press: KeyCode.UP
[2026-08-09 18:29:51,223] cb2game.server.room INFO [room:drain_messages:275] Received message type MessageType.BUTTON_PRESS for player 0.
[2026-08-09 18:29:51,223] cb2game.server.state INFO [state:_drain_message:963] Received button press: KeyCode.S
[2026-08-09 18:29:51,223] cb2game.server.state INFO [state:_select_if_on_card:860] Replaced previous fMRI card selection 25 with 12.
[2026-08-09 18:29:51,223] cb2game.server.state INFO [state:_select_if_on_card:870] Selected card 12 with color: Color(r=0, g=0, b=1, a=1), selected: True
[2026-08-09 18:29:51,931] cb2game.server.room INFO [room:drain_messages:275] Received message type MessageType.SCENARIO_REQUEST for player 1.
[2026-08-09 18:30:04,229] cb2game.server.room INFO [room:drain_messages:275] Received message type MessageType.ACTIONS for player 0.
[2026-08-09 18:30:04,245] cb2game.server.room INFO [room:drain_messages:275] Received message type MessageType.BUTTON_PRESS for player 0.
[2026-08-09 18:30:04,245] cb2game.server.state INFO [state:_drain_message:963] Received button press: KeyCode.RIGHT
[2026-08-09 18:30:04,828] cb2game.server.room INFO [room:drain_messages:275] Received message type MessageType.ACTIONS for player 0.
[2026-08-09 18:30:04,845] cb2game.server.room INFO [room:drain_messages:275] Received message type MessageType.BUTTON_PRESS for player 0.
[2026-08-09 18:30:04,845] cb2game.server.state INFO [state:_drain_message:963] Received button press: KeyCode.UP
[2026-08-09 18:30:05,196] cb2game.server.room INFO [room:drain_messages:275] Received message type MessageType.BUTTON_PRESS for player 0.
[2026-08-09 18:30:05,196] cb2game.server.state INFO [state:_drain_message:963] Received button press: KeyCode.S
[2026-08-09 18:30:05,196] cb2game.server.state INFO [state:_select_if_on_card:870] Selected card 56 with color: Color(r=0, g=0, b=1, a=1), selected: True
[2026-08-09 18:30:05,730] cb2game.server.room INFO [room:drain_messages:275] Received message type MessageType.ACTIONS for player 0.
[2026-08-09 18:30:05,746] cb2game.server.room INFO [room:drain_messages:275] Received message type MessageType.BUTTON_PRESS for player 0.
[2026-08-09 18:30:05,746] cb2game.server.state INFO [state:_drain_message:963] Received button press: KeyCode.UP
[2026-08-09 18:30:06,446] cb2game.server.room INFO [room:drain_messages:275] Received message type MessageType.ACTIONS for player 0.
[2026-08-09 18:30:06,463] cb2game.server.room INFO [room:drain_messages:275] Received message type MessageType.BUTTON_PRESS for player 0.
[2026-08-09 18:30:06,463] cb2game.server.state INFO [state:_drain_message:963] Received button press: KeyCode.UP
[2026-08-09 18:30:06,813] cb2game.server.room INFO [room:drain_messages:275] Received message type MessageType.ACTIONS for player 0.
[2026-08-09 18:30:06,829] cb2game.server.room INFO [room:drain_messages:275] Received message type MessageType.BUTTON_PRESS for player 0.
[2026-08-09 18:30:06,829] cb2game.server.state INFO [state:_drain_message:963] Received button press: KeyCode.UP
[2026-08-09 18:30:07,179] cb2game.server.room INFO [room:drain_messages:275] Received message type MessageType.ACTIONS for player 0.
[2026-08-09 18:30:07,197] cb2game.server.room INFO [room:drain_messages:275] Received message type MessageType.BUTTON_PRESS for player 0.
[2026-08-09 18:30:07,197] cb2game.server.state INFO [state:_drain_message:963] Received button press: KeyCode.UP
[2026-08-09 18:30:07,546] cb2game.server.room INFO [room:drain_messages:275] Received message type MessageType.ACTIONS for player 0.
[2026-08-09 18:30:07,564] cb2game.server.room INFO [room:drain_messages:275] Received message type MessageType.BUTTON_PRESS for player 0.
[2026-08-09 18:30:07,564] cb2game.server.state INFO [state:_drain_message:963] Received button press: KeyCode.RIGHT
[2026-08-09 18:30:08,581] cb2game.server.room INFO [room:drain_messages:275] Received message type MessageType.ACTIONS for player 0.
[2026-08-09 18:30:08,598] cb2game.server.room INFO [room:drain_messages:275] Received message type MessageType.BUTTON_PRESS for player 0.
[2026-08-09 18:30:08,598] cb2game.server.state INFO [state:_drain_message:963] Received button press: KeyCode.RIGHT
[2026-08-09 18:30:09,198] cb2game.server.room INFO [room:drain_messages:275] Received message type MessageType.ACTIONS for player 0.
[2026-08-09 18:30:09,214] cb2game.server.room INFO [room:drain_messages:275] Received message type MessageType.BUTTON_PRESS for player 0.
[2026-08-09 18:30:09,215] cb2game.server.state INFO [state:_drain_message:963] Received button press: KeyCode.RIGHT
[2026-08-09 18:30:09,480] cb2game.server.room INFO [room:drain_messages:275] Received message type MessageType.ACTIONS for player 0.
[2026-08-09 18:30:09,497] cb2game.server.room INFO [room:drain_messages:275] Received message type MessageType.BUTTON_PRESS for player 0.
[2026-08-09 18:30:09,497] cb2game.server.state INFO [state:_drain_message:963] Received button press: KeyCode.RIGHT
[2026-08-09 18:30:09,915] cb2game.server.room INFO [room:drain_messages:275] Received message type MessageType.ACTIONS for player 0.
[2026-08-09 18:30:09,930] cb2game.server.room INFO [room:drain_messages:275] Received message type MessageType.BUTTON_PRESS for player 0.
[2026-08-09 18:30:09,931] cb2game.server.state INFO [state:_drain_message:963] Received button press: KeyCode.LEFT
[2026-08-09 18:30:10,198] cb2game.server.room INFO [room:drain_messages:275] Received message type MessageType.ACTIONS for player 0.
[2026-08-09 18:30:10,215] cb2game.server.room INFO [room:drain_messages:275] Received message type MessageType.BUTTON_PRESS for player 0.
[2026-08-09 18:30:10,215] cb2game.server.state INFO [state:_drain_message:963] Received button press: KeyCode.LEFT
[2026-08-09 18:30:10,664] cb2game.server.room INFO [room:drain_messages:275] Received message type MessageType.ACTIONS for player 0.
[2026-08-09 18:30:10,682] cb2game.server.room INFO [room:drain_messages:275] Received message type MessageType.BUTTON_PRESS for player 0.
[2026-08-09 18:30:10,682] cb2game.server.state INFO [state:_drain_message:963] Received button press: KeyCode.UP
[2026-08-09 18:30:11,015] cb2game.server.room INFO [room:drain_messages:275] Received message type MessageType.ACTIONS for player 0.
[2026-08-09 18:30:11,031] cb2game.server.room INFO [room:drain_messages:275] Received message type MessageType.BUTTON_PRESS for player 0.
[2026-08-09 18:30:11,031] cb2game.server.state INFO [state:_drain_message:963] Received button press: KeyCode.UP
[2026-08-09 18:30:11,382] cb2game.server.room INFO [room:drain_messages:275] Received message type MessageType.ACTIONS for player 0.
[2026-08-09 18:30:11,399] cb2game.server.room INFO [room:drain_messages:275] Received message type MessageType.BUTTON_PRESS for player 0.
[2026-08-09 18:30:11,399] cb2game.server.state INFO [state:_drain_message:963] Received button press: KeyCode.LEFT
[2026-08-09 18:30:11,831] cb2game.server.room INFO [room:drain_messages:275] Received message type MessageType.ACTIONS for player 0.
[2026-08-09 18:30:11,848] cb2game.server.room INFO [room:drain_messages:275] Received message type MessageType.BUTTON_PRESS for player 0.
[2026-08-09 18:30:11,848] cb2game.server.state INFO [state:_drain_message:963] Received button press: KeyCode.UP
[2026-08-09 18:30:12,298] cb2game.server.room INFO [room:drain_messages:275] Received message type MessageType.ACTIONS for player 0.
[2026-08-09 18:30:12,315] cb2game.server.room INFO [room:drain_messages:275] Received message type MessageType.BUTTON_PRESS for player 0.
[2026-08-09 18:30:12,315] cb2game.server.state INFO [state:_drain_message:963] Received button press: KeyCode.RIGHT
[2026-08-09 18:30:12,698] cb2game.server.room INFO [room:drain_messages:275] Received message type MessageType.ACTIONS for player 0.
[2026-08-09 18:30:12,715] cb2game.server.room INFO [room:drain_messages:275] Received message type MessageType.BUTTON_PRESS for player 0.
[2026-08-09 18:30:12,715] cb2game.server.state INFO [state:_drain_message:963] Received button press: KeyCode.UP
[2026-08-09 18:30:13,066] cb2game.server.room INFO [room:drain_messages:275] Received message type MessageType.ACTIONS for player 0.
[2026-08-09 18:30:13,083] cb2game.server.room INFO [room:drain_messages:275] Received message type MessageType.BUTTON_PRESS for player 0.
[2026-08-09 18:30:13,083] cb2game.server.state INFO [state:_drain_message:963] Received button press: KeyCode.UP
[2026-08-09 18:30:13,582] cb2game.server.room INFO [room:drain_messages:275] Received message type MessageType.ACTIONS for player 0.
[2026-08-09 18:30:13,599] cb2game.server.room INFO [room:drain_messages:275] Received message type MessageType.BUTTON_PRESS for player 0.
[2026-08-09 18:30:13,599] cb2game.server.state INFO [state:_drain_message:963] Received button press: KeyCode.RIGHT
[2026-08-09 18:30:14,016] cb2game.server.room INFO [room:drain_messages:275] Received message type MessageType.ACTIONS for player 0.
[2026-08-09 18:30:14,033] cb2game.server.room INFO [room:drain_messages:275] Received message type MessageType.BUTTON_PRESS for player 0.
[2026-08-09 18:30:14,033] cb2game.server.state INFO [state:_drain_message:963] Received button press: KeyCode.UP
[2026-08-09 18:30:14,383] cb2game.server.room INFO [room:drain_messages:275] Received message type MessageType.ACTIONS for player 0.
[2026-08-09 18:30:14,400] cb2game.server.room INFO [room:drain_messages:275] Received message type MessageType.BUTTON_PRESS for player 0.
[2026-08-09 18:30:14,400] cb2game.server.state INFO [state:_drain_message:963] Received button press: KeyCode.UP
[2026-08-09 18:30:14,734] cb2game.server.room INFO [room:drain_messages:275] Received message type MessageType.ACTIONS for player 0.
[2026-08-09 18:30:14,750] cb2game.server.room INFO [room:drain_messages:275] Received message type MessageType.BUTTON_PRESS for player 0.
[2026-08-09 18:30:14,750] cb2game.server.state INFO [state:_drain_message:963] Received button press: KeyCode.UP
[2026-08-09 18:30:15,417] cb2game.server.room INFO [room:drain_messages:275] Received message type MessageType.ACTIONS for player 0.
[2026-08-09 18:30:15,434] cb2game.server.room INFO [room:drain_messages:275] Received message type MessageType.BUTTON_PRESS for player 0.
[2026-08-09 18:30:15,434] cb2game.server.state INFO [state:_drain_message:963] Received button press: KeyCode.UP
[2026-08-09 18:30:15,716] cb2game.server.room INFO [room:drain_messages:275] Received message type MessageType.BUTTON_PRESS for player 0.
[2026-08-09 18:30:15,717] cb2game.server.state INFO [state:_drain_message:963] Received button press: KeyCode.S
[2026-08-09 18:30:15,717] cb2game.server.state INFO [state:_select_if_on_card:860] Replaced previous fMRI card selection 56 with 80.
[2026-08-09 18:30:15,717] cb2game.server.state INFO [state:_select_if_on_card:870] Selected card 80 with color: Color(r=0, g=0, b=1, a=1), selected: True
[2026-08-09 18:30:16,434] cb2game.server.room INFO [room:drain_messages:275] Received message type MessageType.ACTIONS for player 0.
[2026-08-09 18:30:16,451] cb2game.server.room INFO [room:drain_messages:275] Received message type MessageType.BUTTON_PRESS for player 0.
[2026-08-09 18:30:16,451] cb2game.server.state INFO [state:_drain_message:963] Received button press: KeyCode.LEFT
[2026-08-09 18:30:17,101] cb2game.server.room INFO [room:drain_messages:275] Received message type MessageType.ACTIONS for player 0.
[2026-08-09 18:30:17,117] cb2game.server.room INFO [room:drain_messages:275] Received message type MessageType.BUTTON_PRESS for player 0.
[2026-08-09 18:30:17,117] cb2game.server.state INFO [state:_drain_message:963] Received button press: KeyCode.LEFT
[2026-08-09 18:30:18,986] cb2game.server.room INFO [room:drain_messages:275] Received message type MessageType.ACTIONS for player 0.
[2026-08-09 18:30:19,002] cb2game.server.room INFO [room:drain_messages:275] Received message type MessageType.BUTTON_PRESS for player 0.
[2026-08-09 18:30:19,003] cb2game.server.state INFO [state:_drain_message:963] Received button press: KeyCode.LEFT
[2026-08-09 18:30:20,303] cb2game.server.room INFO [room:drain_messages:275] Received message type MessageType.ACTIONS for player 0.
[2026-08-09 18:30:20,320] cb2game.server.room INFO [room:drain_messages:275] Received message type MessageType.BUTTON_PRESS for player 0.
[2026-08-09 18:30:20,320] cb2game.server.state INFO [state:_drain_message:963] Received button press: KeyCode.UP
[2026-08-09 18:30:20,669] cb2game.server.room INFO [room:drain_messages:275] Received message type MessageType.ACTIONS for player 0.
[2026-08-09 18:30:20,686] cb2game.server.room INFO [room:drain_messages:275] Received message type MessageType.BUTTON_PRESS for player 0.
[2026-08-09 18:30:20,686] cb2game.server.state INFO [state:_drain_message:963] Received button press: KeyCode.UP
[2026-08-09 18:30:21,020] cb2game.server.room INFO [room:drain_messages:275] Received message type MessageType.ACTIONS for player 0.
[2026-08-09 18:30:21,036] cb2game.server.room INFO [room:drain_messages:275] Received message type MessageType.BUTTON_PRESS for player 0.
[2026-08-09 18:30:21,036] cb2game.server.state INFO [state:_drain_message:963] Received button press: KeyCode.UP
[2026-08-09 18:30:21,387] cb2game.server.room INFO [room:drain_messages:275] Received message type MessageType.ACTIONS for player 0.
[2026-08-09 18:30:21,404] cb2game.server.room INFO [room:drain_messages:275] Received message type MessageType.BUTTON_PRESS for player 0.
[2026-08-09 18:30:21,404] cb2game.server.state INFO [state:_drain_message:963] Received button press: KeyCode.UP
[2026-08-09 18:30:21,753] cb2game.server.room INFO [room:drain_messages:275] Received message type MessageType.ACTIONS for player 0.
[2026-08-09 18:30:21,770] cb2game.server.room INFO [room:drain_messages:275] Received message type MessageType.BUTTON_PRESS for player 0.
[2026-08-09 18:30:21,770] cb2game.server.state INFO [state:_drain_message:963] Received button press: KeyCode.UP
[2026-08-09 18:30:26,072] cb2game.server.room INFO [room:drain_messages:275] Received message type MessageType.ACTIONS for player 0.
[2026-08-09 18:30:26,088] cb2game.server.room INFO [room:drain_messages:275] Received message type MessageType.BUTTON_PRESS for player 0.
[2026-08-09 18:30:26,088] cb2game.server.state INFO [state:_drain_message:963] Received button press: KeyCode.UP
[2026-08-09 18:30:26,706] cb2game.server.room INFO [room:drain_messages:275] Received message type MessageType.ACTIONS for player 0.
[2026-08-09 18:30:26,723] cb2game.server.room INFO [room:drain_messages:275] Received message type MessageType.BUTTON_PRESS for player 0.
[2026-08-09 18:30:26,723] cb2game.server.state INFO [state:_drain_message:963] Received button press: KeyCode.UP
[2026-08-09 18:30:27,073] cb2game.server.room INFO [room:drain_messages:275] Received message type MessageType.ACTIONS for player 0.
[2026-08-09 18:30:27,089] cb2game.server.room INFO [room:drain_messages:275] Received message type MessageType.BUTTON_PRESS for player 0.
[2026-08-09 18:30:27,090] cb2game.server.state INFO [state:_drain_message:963] Received button press: KeyCode.UP
[2026-08-09 18:30:27,439] cb2game.server.room INFO [room:drain_messages:275] Received message type MessageType.ACTIONS for player 0.
[2026-08-09 18:30:27,456] cb2game.server.room INFO [room:drain_messages:275] Received message type MessageType.BUTTON_PRESS for player 0.
[2026-08-09 18:30:27,456] cb2game.server.state INFO [state:_drain_message:963] Received button press: KeyCode.UP
[2026-08-09 18:30:27,790] cb2game.server.room INFO [room:drain_messages:275] Received message type MessageType.ACTIONS for player 0.
[2026-08-09 18:30:27,806] cb2game.server.room INFO [room:drain_messages:275] Received message type MessageType.BUTTON_PRESS for player 0.
[2026-08-09 18:30:27,806] cb2game.server.state INFO [state:_drain_message:963] Received button press: KeyCode.UP
[2026-08-09 18:30:28,456] cb2game.server.room INFO [room:drain_messages:275] Received message type MessageType.ACTIONS for player 0.
[2026-08-09 18:30:28,474] cb2game.server.room INFO [room:drain_messages:275] Received message type MessageType.BUTTON_PRESS for player 0.
[2026-08-09 18:30:28,474] cb2game.server.state INFO [state:_drain_message:963] Received button press: KeyCode.UP
[2026-08-09 18:30:28,856] cb2game.server.room INFO [room:drain_messages:275] Received message type MessageType.BUTTON_PRESS for player 0.
[2026-08-09 18:30:28,857] cb2game.server.state INFO [state:_drain_message:963] Received button press: KeyCode.S
[2026-08-09 18:30:28,857] cb2game.server.state INFO [state:_select_if_on_card:860] Replaced previous fMRI card selection 80 with 20.
[2026-08-09 18:30:28,857] cb2game.server.state INFO [state:_select_if_on_card:870] Selected card 20 with color: Color(r=0, g=0, b=1, a=1), selected: True
[2026-08-09 18:30:29,523] cb2game.server.room INFO [room:drain_messages:275] Received message type MessageType.ACTIONS for player 0.
[2026-08-09 18:30:29,540] cb2game.server.room INFO [room:drain_messages:275] Received message type MessageType.BUTTON_PRESS for player 0.
[2026-08-09 18:30:29,540] cb2game.server.state INFO [state:_drain_message:963] Received button press: KeyCode.UP
[2026-08-09 18:30:29,990] cb2game.server.room INFO [room:drain_messages:275] Received message type MessageType.ACTIONS for player 0.
[2026-08-09 18:30:30,008] cb2game.server.room INFO [room:drain_messages:275] Received message type MessageType.BUTTON_PRESS for player 0.
[2026-08-09 18:30:30,008] cb2game.server.state INFO [state:_drain_message:963] Received button press: KeyCode.LEFT
[2026-08-09 18:30:30,274] cb2game.server.room INFO [room:drain_messages:275] Received message type MessageType.ACTIONS for player 0.
[2026-08-09 18:30:30,291] cb2game.server.room INFO [room:drain_messages:275] Received message type MessageType.BUTTON_PRESS for player 0.
[2026-08-09 18:30:30,291] cb2game.server.state INFO [state:_drain_message:963] Received button press: KeyCode.LEFT
[2026-08-09 18:30:30,558] cb2game.server.room INFO [room:drain_messages:275] Received message type MessageType.ACTIONS for player 0.
[2026-08-09 18:30:30,574] cb2game.server.room INFO [room:drain_messages:275] Received message type MessageType.BUTTON_PRESS for player 0.
[2026-08-09 18:30:30,574] cb2game.server.state INFO [state:_drain_message:963] Received button press: KeyCode.LEFT
[2026-08-09 18:30:31,057] cb2game.server.room INFO [room:drain_messages:275] Received message type MessageType.ACTIONS for player 0.
[2026-08-09 18:30:31,074] cb2game.server.room INFO [room:drain_messages:275] Received message type MessageType.BUTTON_PRESS for player 0.
[2026-08-09 18:30:31,074] cb2game.server.state INFO [state:_drain_message:963] Received button press: KeyCode.UP
[2026-08-09 18:30:31,457] cb2game.server.room INFO [room:drain_messages:275] Received message type MessageType.ACTIONS for player 0.
[2026-08-09 18:30:31,475] cb2game.server.room INFO [room:drain_messages:275] Received message type MessageType.BUTTON_PRESS for player 0.
[2026-08-09 18:30:31,475] cb2game.server.state INFO [state:_drain_message:963] Received button press: KeyCode.LEFT
[2026-08-09 18:30:31,741] cb2game.server.room INFO [room:drain_messages:275] Received message type MessageType.ACTIONS for player 0.
[2026-08-09 18:30:31,758] cb2game.server.room INFO [room:drain_messages:275] Received message type MessageType.BUTTON_PRESS for player 0.
[2026-08-09 18:30:31,758] cb2game.server.state INFO [state:_drain_message:963] Received button press: KeyCode.LEFT
[2026-08-09 18:30:32,109] cb2game.server.room INFO [room:drain_messages:275] Received message type MessageType.ACTIONS for player 0.
[2026-08-09 18:30:32,124] cb2game.server.room INFO [room:drain_messages:275] Received message type MessageType.BUTTON_PRESS for player 0.
[2026-08-09 18:30:32,124] cb2game.server.state INFO [state:_drain_message:963] Received button press: KeyCode.UP
[2026-08-09 18:30:43,331] cb2game.server.room INFO [room:drain_messages:275] Received message type MessageType.ACTIONS for player 0.
[2026-08-09 18:30:43,346] cb2game.server.room INFO [room:drain_messages:275] Received message type MessageType.BUTTON_PRESS for player 0.
[2026-08-09 18:30:43,346] cb2game.server.state INFO [state:_drain_message:963] Received button press: KeyCode.RIGHT
[2026-08-09 18:30:43,931] cb2game.server.room INFO [room:drain_messages:275] Received message type MessageType.ACTIONS for player 0.
[2026-08-09 18:30:43,948] cb2game.server.room INFO [room:drain_messages:275] Received message type MessageType.BUTTON_PRESS for player 0.
[2026-08-09 18:30:43,948] cb2game.server.state INFO [state:_drain_message:963] Received button press: KeyCode.UP
[2026-08-09 18:30:44,297] cb2game.server.room INFO [room:drain_messages:275] Received message type MessageType.ACTIONS for player 0.
[2026-08-09 18:30:44,313] cb2game.server.room INFO [room:drain_messages:275] Received message type MessageType.BUTTON_PRESS for player 0.
[2026-08-09 18:30:44,313] cb2game.server.state INFO [state:_drain_message:963] Received button press: KeyCode.UP
[2026-08-09 18:30:44,814] cb2game.server.room INFO [room:drain_messages:275] Received message type MessageType.ACTIONS for player 0.
[2026-08-09 18:30:44,830] cb2game.server.room INFO [room:drain_messages:275] Received message type MessageType.BUTTON_PRESS for player 0.
[2026-08-09 18:30:44,830] cb2game.server.state INFO [state:_drain_message:963] Received button press: KeyCode.RIGHT
[2026-08-09 18:30:45,166] cb2game.server.room INFO [room:drain_messages:275] Received message type MessageType.ACTIONS for player 0.
[2026-08-09 18:30:45,182] cb2game.server.room INFO [room:drain_messages:275] Received message type MessageType.BUTTON_PRESS for player 0.
[2026-08-09 18:30:45,182] cb2game.server.state INFO [state:_drain_message:963] Received button press: KeyCode.UP
[2026-08-09 18:30:45,531] cb2game.server.room INFO [room:drain_messages:275] Received message type MessageType.ACTIONS for player 0.
[2026-08-09 18:30:45,548] cb2game.server.room INFO [room:drain_messages:275] Received message type MessageType.BUTTON_PRESS for player 0.
[2026-08-09 18:30:45,548] cb2game.server.state INFO [state:_drain_message:963] Received button press: KeyCode.UP
[2026-08-09 18:30:46,131] cb2game.server.room INFO [room:drain_messages:275] Received message type MessageType.ACTIONS for player 0.
[2026-08-09 18:30:46,148] cb2game.server.room INFO [room:drain_messages:275] Received message type MessageType.BUTTON_PRESS for player 0.
[2026-08-09 18:30:46,148] cb2game.server.state INFO [state:_drain_message:963] Received button press: KeyCode.LEFT
[2026-08-09 18:30:46,614] cb2game.server.room INFO [room:drain_messages:275] Received message type MessageType.ACTIONS for player 0.
[2026-08-09 18:30:46,631] cb2game.server.room INFO [room:drain_messages:275] Received message type MessageType.BUTTON_PRESS for player 0.
[2026-08-09 18:30:46,631] cb2game.server.state INFO [state:_drain_message:963] Received button press: KeyCode.UP
[2026-08-09 18:30:46,981] cb2game.server.room INFO [room:drain_messages:275] Received message type MessageType.ACTIONS for player 0.
[2026-08-09 18:30:46,998] cb2game.server.room INFO [room:drain_messages:275] Received message type MessageType.BUTTON_PRESS for player 0.
[2026-08-09 18:30:46,998] cb2game.server.state INFO [state:_drain_message:963] Received button press: KeyCode.UP
[2026-08-09 18:30:47,532] cb2game.server.room INFO [room:drain_messages:275] Received message type MessageType.ACTIONS for player 0.
[2026-08-09 18:30:47,549] cb2game.server.room INFO [room:drain_messages:275] Received message type MessageType.BUTTON_PRESS for player 0.
[2026-08-09 18:30:47,549] cb2game.server.state INFO [state:_drain_message:963] Received button press: KeyCode.LEFT
[2026-08-09 18:30:47,816] cb2game.server.room INFO [room:drain_messages:275] Received message type MessageType.ACTIONS for player 0.
[2026-08-09 18:30:47,832] cb2game.server.room INFO [room:drain_messages:275] Received message type MessageType.BUTTON_PRESS for player 0.
[2026-08-09 18:30:47,832] cb2game.server.state INFO [state:_drain_message:963] Received button press: KeyCode.LEFT
[2026-08-09 18:30:48,383] cb2game.server.room INFO [room:drain_messages:275] Received message type MessageType.ACTIONS for player 0.
[2026-08-09 18:30:48,399] cb2game.server.room INFO [room:drain_messages:275] Received message type MessageType.BUTTON_PRESS for player 0.
[2026-08-09 18:30:48,399] cb2game.server.state INFO [state:_drain_message:963] Received button press: KeyCode.LEFT
[2026-08-09 18:30:49,033] cb2game.server.room INFO [room:drain_messages:275] Received message type MessageType.ACTIONS for player 0.
[2026-08-09 18:30:49,049] cb2game.server.room INFO [room:drain_messages:275] Received message type MessageType.BUTTON_PRESS for player 0.
[2026-08-09 18:30:49,049] cb2game.server.state INFO [state:_drain_message:963] Received button press: KeyCode.LEFT
[2026-08-09 18:30:49,433] cb2game.server.room INFO [room:drain_messages:275] Received message type MessageType.ACTIONS for player 0.
[2026-08-09 18:30:49,450] cb2game.server.room INFO [room:drain_messages:275] Received message type MessageType.BUTTON_PRESS for player 0.
[2026-08-09 18:30:49,450] cb2game.server.state INFO [state:_drain_message:963] Received button press: KeyCode.UP
[2026-08-09 18:30:50,050] cb2game.server.room INFO [room:drain_messages:275] Received message type MessageType.ACTIONS for player 0.
[2026-08-09 18:30:50,066] cb2game.server.room INFO [room:drain_messages:275] Received message type MessageType.BUTTON_PRESS for player 0.
[2026-08-09 18:30:50,066] cb2game.server.state INFO [state:_drain_message:963] Received button press: KeyCode.RIGHT
[2026-08-09 18:30:50,449] cb2game.server.room INFO [room:drain_messages:275] Received message type MessageType.ACTIONS for player 0.
[2026-08-09 18:30:50,467] cb2game.server.room INFO [room:drain_messages:275] Received message type MessageType.BUTTON_PRESS for player 0.
[2026-08-09 18:30:50,467] cb2game.server.state INFO [state:_drain_message:963] Received button press: KeyCode.UP
[2026-08-09 18:30:50,867] cb2game.server.room INFO [room:drain_messages:275] Received message type MessageType.ACTIONS for player 0.
[2026-08-09 18:30:50,884] cb2game.server.room INFO [room:drain_messages:275] Received message type MessageType.BUTTON_PRESS for player 0.
[2026-08-09 18:30:50,884] cb2game.server.state INFO [state:_drain_message:963] Received button press: KeyCode.LEFT
[2026-08-09 18:30:51,751] cb2game.server.room INFO [room:drain_messages:275] Received message type MessageType.ACTIONS for player 0.
[2026-08-09 18:30:51,767] cb2game.server.room INFO [room:drain_messages:275] Received message type MessageType.BUTTON_PRESS for player 0.
[2026-08-09 18:30:51,767] cb2game.server.state INFO [state:_drain_message:963] Received button press: KeyCode.UP
[2026-08-09 18:30:52,134] cb2game.server.room INFO [room:drain_messages:275] Received message type MessageType.ACTIONS for player 0.
[2026-08-09 18:30:52,151] cb2game.server.room INFO [room:drain_messages:275] Received message type MessageType.BUTTON_PRESS for player 0.
[2026-08-09 18:30:52,151] cb2game.server.state INFO [state:_drain_message:963] Received button press: KeyCode.RIGHT
[2026-08-09 18:30:52,534] cb2game.server.room INFO [room:drain_messages:275] Received message type MessageType.ACTIONS for player 0.
[2026-08-09 18:30:52,552] cb2game.server.room INFO [room:drain_messages:275] Received message type MessageType.BUTTON_PRESS for player 0.
[2026-08-09 18:30:52,552] cb2game.server.state INFO [state:_drain_message:963] Received button press: KeyCode.UP
[2026-08-09 18:30:53,085] cb2game.server.room INFO [room:drain_messages:275] Received message type MessageType.ACTIONS for player 0.
[2026-08-09 18:30:53,102] cb2game.server.room INFO [room:drain_messages:275] Received message type MessageType.BUTTON_PRESS for player 0.
[2026-08-09 18:30:53,102] cb2game.server.state INFO [state:_drain_message:963] Received button press: KeyCode.LEFT
[2026-08-09 18:30:53,601] cb2game.server.room INFO [room:drain_messages:275] Received message type MessageType.ACTIONS for player 0.
[2026-08-09 18:30:53,619] cb2game.server.room INFO [room:drain_messages:275] Received message type MessageType.BUTTON_PRESS for player 0.
[2026-08-09 18:30:53,619] cb2game.server.state INFO [state:_drain_message:963] Received button press: KeyCode.UP
[2026-08-09 18:30:54,068] cb2game.server.room INFO [room:drain_messages:275] Received message type MessageType.ACTIONS for player 0.
[2026-08-09 18:30:54,086] cb2game.server.room INFO [room:drain_messages:275] Received message type MessageType.BUTTON_PRESS for player 0.
[2026-08-09 18:30:54,086] cb2game.server.state INFO [state:_drain_message:963] Received button press: KeyCode.RIGHT
[2026-08-09 18:30:54,418] cb2game.server.room INFO [room:drain_messages:275] Received message type MessageType.ACTIONS for player 0.
[2026-08-09 18:30:54,435] cb2game.server.room INFO [room:drain_messages:275] Received message type MessageType.BUTTON_PRESS for player 0.
[2026-08-09 18:30:54,435] cb2game.server.state INFO [state:_drain_message:963] Received button press: KeyCode.UP
[2026-08-09 18:30:54,885] cb2game.server.room INFO [room:drain_messages:275] Received message type MessageType.ACTIONS for player 0.
[2026-08-09 18:30:54,901] cb2game.server.room INFO [room:drain_messages:275] Received message type MessageType.BUTTON_PRESS for player 0.
[2026-08-09 18:30:54,901] cb2game.server.state INFO [state:_drain_message:963] Received button press: KeyCode.LEFT
[2026-08-09 18:30:55,352] cb2game.server.room INFO [room:drain_messages:275] Received message type MessageType.ACTIONS for player 0.
[2026-08-09 18:30:55,368] cb2game.server.room INFO [room:drain_messages:275] Received message type MessageType.BUTTON_PRESS for player 0.
[2026-08-09 18:30:55,368] cb2game.server.state INFO [state:_drain_message:963] Received button press: KeyCode.UP
[2026-08-09 18:30:55,703] cb2game.server.room INFO [room:drain_messages:275] Received message type MessageType.ACTIONS for player 0.
[2026-08-09 18:30:55,719] cb2game.server.room INFO [room:drain_messages:275] Received message type MessageType.BUTTON_PRESS for player 0.
[2026-08-09 18:30:55,719] cb2game.server.state INFO [state:_drain_message:963] Received button press: KeyCode.UP
[2026-08-09 18:30:56,069] cb2game.server.room INFO [room:drain_messages:275] Received message type MessageType.ACTIONS for player 0.
[2026-08-09 18:30:56,086] cb2game.server.room INFO [room:drain_messages:275] Received message type MessageType.BUTTON_PRESS for player 0.
[2026-08-09 18:30:56,086] cb2game.server.state INFO [state:_drain_message:963] Received button press: KeyCode.LEFT
[2026-08-09 18:30:56,602] cb2game.server.room INFO [room:drain_messages:275] Received message type MessageType.ACTIONS for player 0.
[2026-08-09 18:30:56,620] cb2game.server.room INFO [room:drain_messages:275] Received message type MessageType.BUTTON_PRESS for player 0.
[2026-08-09 18:30:56,620] cb2game.server.state INFO [state:_drain_message:963] Received button press: KeyCode.UP
[2026-08-09 18:30:57,136] cb2game.server.room INFO [room:drain_messages:275] Received message type MessageType.ACTIONS for player 0.
[2026-08-09 18:30:57,153] cb2game.server.room INFO [room:drain_messages:275] Received message type MessageType.BUTTON_PRESS for player 0.
[2026-08-09 18:30:57,154] cb2game.server.state INFO [state:_drain_message:963] Received button press: KeyCode.LEFT
[2026-08-09 18:30:57,837] cb2game.server.room INFO [room:drain_messages:275] Received message type MessageType.ACTIONS for player 0.
[2026-08-09 18:30:57,853] cb2game.server.room INFO [room:drain_messages:275] Received message type MessageType.BUTTON_PRESS for player 0.
[2026-08-09 18:30:57,853] cb2game.server.state INFO [state:_drain_message:963] Received button press: KeyCode.UP
[2026-08-09 18:30:58,204] cb2game.server.room INFO [room:drain_messages:275] Received message type MessageType.ACTIONS for player 0.
[2026-08-09 18:30:58,220] cb2game.server.room INFO [room:drain_messages:275] Received message type MessageType.BUTTON_PRESS for player 0.
[2026-08-09 18:30:58,221] cb2game.server.state INFO [state:_drain_message:963] Received button press: KeyCode.UP
[2026-08-09 18:30:58,571] cb2game.server.room INFO [room:drain_messages:275] Received message type MessageType.ACTIONS for player 0.
[2026-08-09 18:30:58,587] cb2game.server.room INFO [room:drain_messages:275] Received message type MessageType.BUTTON_PRESS for player 0.
[2026-08-09 18:30:58,587] cb2game.server.state INFO [state:_drain_message:963] Received button press: KeyCode.UP
[2026-08-09 18:30:58,938] cb2game.server.room INFO [room:drain_messages:275] Received message type MessageType.ACTIONS for player 0.
[2026-08-09 18:30:58,954] cb2game.server.room INFO [room:drain_messages:275] Received message type MessageType.BUTTON_PRESS for player 0.
[2026-08-09 18:30:58,954] cb2game.server.state INFO [state:_drain_message:963] Received button press: KeyCode.RIGHT
[2026-08-09 18:30:59,404] cb2game.server.room INFO [room:drain_messages:275] Received message type MessageType.ACTIONS for player 0.
[2026-08-09 18:30:59,421] cb2game.server.room INFO [room:drain_messages:275] Received message type MessageType.BUTTON_PRESS for player 0.
[2026-08-09 18:30:59,421] cb2game.server.state INFO [state:_drain_message:963] Received button press: KeyCode.UP
[2026-08-09 18:30:59,755] cb2game.server.room INFO [room:drain_messages:275] Received message type MessageType.ACTIONS for player 0.
[2026-08-09 18:30:59,771] cb2game.server.room INFO [room:drain_messages:275] Received message type MessageType.BUTTON_PRESS for player 0.
[2026-08-09 18:30:59,771] cb2game.server.state INFO [state:_drain_message:963] Received button press: KeyCode.UP
[2026-08-09 18:31:00,121] cb2game.server.room INFO [room:drain_messages:275] Received message type MessageType.ACTIONS for player 0.
[2026-08-09 18:31:00,138] cb2game.server.room INFO [room:drain_messages:275] Received message type MessageType.BUTTON_PRESS for player 0.
[2026-08-09 18:31:00,138] cb2game.server.state INFO [state:_drain_message:963] Received button press: KeyCode.UP
[2026-08-09 18:31:00,488] cb2game.server.room INFO [room:drain_messages:275] Received message type MessageType.ACTIONS for player 0.
[2026-08-09 18:31:00,504] cb2game.server.room INFO [room:drain_messages:275] Received message type MessageType.BUTTON_PRESS for player 0.
[2026-08-09 18:31:00,504] cb2game.server.state INFO [state:_drain_message:963] Received button press: KeyCode.UP
[2026-08-09 18:31:00,872] cb2game.server.room INFO [room:drain_messages:275] Received message type MessageType.BUTTON_PRESS for player 0.
[2026-08-09 18:31:00,872] cb2game.server.state INFO [state:_drain_message:963] Received button press: KeyCode.S
[2026-08-09 18:31:00,872] cb2game.server.state INFO [state:_select_if_on_card:860] Replaced previous fMRI card selection 20 with 80.
[2026-08-09 18:31:00,872] cb2game.server.state INFO [state:_select_if_on_card:870] Selected card 80 with color: Color(r=0, g=0, b=1, a=1), selected: True
[2026-08-09 18:31:01,438] cb2game.server.room INFO [room:drain_messages:275] Received message type MessageType.ACTIONS for player 0.
[2026-08-09 18:31:01,454] cb2game.server.room INFO [room:drain_messages:275] Received message type MessageType.BUTTON_PRESS for player 0.
[2026-08-09 18:31:01,454] cb2game.server.state INFO [state:_drain_message:963] Received button press: KeyCode.LEFT
[2026-08-09 18:31:01,721] cb2game.server.room INFO [room:drain_messages:275] Received message type MessageType.ACTIONS for player 0.
[2026-08-09 18:31:01,739] cb2game.server.room INFO [room:drain_messages:275] Received message type MessageType.BUTTON_PRESS for player 0.
[2026-08-09 18:31:01,739] cb2game.server.state INFO [state:_drain_message:963] Received button press: KeyCode.LEFT
[2026-08-09 18:31:02,156] cb2game.server.room INFO [room:drain_messages:275] Received message type MessageType.ACTIONS for player 0.
[2026-08-09 18:31:02,172] cb2game.server.room INFO [room:drain_messages:275] Received message type MessageType.BUTTON_PRESS for player 0.
[2026-08-09 18:31:02,173] cb2game.server.state INFO [state:_drain_message:963] Received button press: KeyCode.UP
[2026-08-09 18:31:02,723] cb2game.server.room INFO [room:drain_messages:275] Received message type MessageType.ACTIONS for player 0.
[2026-08-09 18:31:02,738] cb2game.server.room INFO [room:drain_messages:275] Received message type MessageType.BUTTON_PRESS for player 0.
[2026-08-09 18:31:02,739] cb2game.server.state INFO [state:_drain_message:963] Received button press: KeyCode.RIGHT
[2026-08-09 18:31:03,389] cb2game.server.room INFO [room:drain_messages:275] Received message type MessageType.ACTIONS for player 0.
[2026-08-09 18:31:03,406] cb2game.server.room INFO [room:drain_messages:275] Received message type MessageType.BUTTON_PRESS for player 0.
[2026-08-09 18:31:03,407] cb2game.server.state INFO [state:_drain_message:963] Received button press: KeyCode.UP
[2026-08-09 18:31:03,789] cb2game.server.room INFO [room:drain_messages:275] Received message type MessageType.ACTIONS for player 0.
[2026-08-09 18:31:03,807] cb2game.server.room INFO [room:drain_messages:275] Received message type MessageType.BUTTON_PRESS for player 0.
[2026-08-09 18:31:03,807] cb2game.server.state INFO [state:_drain_message:963] Received button press: KeyCode.LEFT
[2026-08-09 18:31:04,256] cb2game.server.room INFO [room:drain_messages:275] Received message type MessageType.ACTIONS for player 0.
[2026-08-09 18:31:04,272] cb2game.server.room INFO [room:drain_messages:275] Received message type MessageType.BUTTON_PRESS for player 0.
[2026-08-09 18:31:04,273] cb2game.server.state INFO [state:_drain_message:963] Received button press: KeyCode.UP
[2026-08-09 18:31:04,623] cb2game.server.room INFO [room:drain_messages:275] Received message type MessageType.ACTIONS for player 0.
[2026-08-09 18:31:04,640] cb2game.server.room INFO [room:drain_messages:275] Received message type MessageType.BUTTON_PRESS for player 0.
[2026-08-09 18:31:04,640] cb2game.server.state INFO [state:_drain_message:963] Received button press: KeyCode.UP
[2026-08-09 18:31:04,974] cb2game.server.room INFO [room:drain_messages:275] Received message type MessageType.ACTIONS for player 0.
[2026-08-09 18:31:04,990] cb2game.server.room INFO [room:drain_messages:275] Received message type MessageType.BUTTON_PRESS for player 0.
[2026-08-09 18:31:04,990] cb2game.server.state INFO [state:_drain_message:963] Received button press: KeyCode.UP
[2026-08-09 18:31:05,573] cb2game.server.room INFO [room:drain_messages:275] Received message type MessageType.ACTIONS for player 0.
[2026-08-09 18:31:05,591] cb2game.server.room INFO [room:drain_messages:275] Received message type MessageType.BUTTON_PRESS for player 0.
[2026-08-09 18:31:05,591] cb2game.server.state INFO [state:_drain_message:963] Received button press: KeyCode.UP
[2026-08-09 18:31:05,923] cb2game.server.room INFO [room:drain_messages:275] Received message type MessageType.BUTTON_PRESS for player 0.
[2026-08-09 18:31:05,923] cb2game.server.state INFO [state:_drain_message:963] Received button press: KeyCode.S
[2026-08-09 18:31:05,924] cb2game.server.state INFO [state:_select_if_on_card:860] Replaced previous fMRI card selection 80 with 94.
[2026-08-09 18:31:05,924] cb2game.server.state INFO [state:_select_if_on_card:870] Selected card 94 with color: Color(r=0, g=0, b=1, a=1), selected: True
[2026-08-09 18:31:06,491] cb2game.server.room INFO [room:drain_messages:275] Received message type MessageType.ACTIONS for player 0.
[2026-08-09 18:31:06,508] cb2game.server.room INFO [room:drain_messages:275] Received message type MessageType.BUTTON_PRESS for player 0.
[2026-08-09 18:31:06,508] cb2game.server.state INFO [state:_drain_message:963] Received button press: KeyCode.LEFT
[2026-08-09 18:31:06,990] cb2game.server.room INFO [room:drain_messages:275] Received message type MessageType.ACTIONS for player 0.
[2026-08-09 18:31:07,007] cb2game.server.room INFO [room:drain_messages:275] Received message type MessageType.BUTTON_PRESS for player 0.
[2026-08-09 18:31:07,007] cb2game.server.state INFO [state:_drain_message:963] Received button press: KeyCode.UP
[2026-08-09 18:31:07,340] cb2game.server.room INFO [room:drain_messages:275] Received message type MessageType.ACTIONS for player 0.
[2026-08-09 18:31:07,358] cb2game.server.room INFO [room:drain_messages:275] Received message type MessageType.BUTTON_PRESS for player 0.
[2026-08-09 18:31:07,358] cb2game.server.state INFO [state:_drain_message:963] Received button press: KeyCode.UP
[2026-08-09 18:31:07,692] cb2game.server.room INFO [room:drain_messages:275] Received message type MessageType.ACTIONS for player 0.
[2026-08-09 18:31:07,707] cb2game.server.room INFO [room:drain_messages:275] Received message type MessageType.BUTTON_PRESS for player 0.
[2026-08-09 18:31:07,707] cb2game.server.state INFO [state:_drain_message:963] Received button press: KeyCode.UP
[2026-08-09 18:31:08,059] cb2game.server.room INFO [room:drain_messages:275] Received message type MessageType.ACTIONS for player 0.
[2026-08-09 18:31:08,075] cb2game.server.room INFO [room:drain_messages:275] Received message type MessageType.BUTTON_PRESS for player 0.
[2026-08-09 18:31:08,075] cb2game.server.state INFO [state:_drain_message:963] Received button press: KeyCode.UP
[2026-08-09 18:31:08,425] cb2game.server.room INFO [room:drain_messages:275] Received message type MessageType.ACTIONS for player 0.
[2026-08-09 18:31:08,441] cb2game.server.room INFO [room:drain_messages:275] Received message type MessageType.BUTTON_PRESS for player 0.
[2026-08-09 18:31:08,441] cb2game.server.state INFO [state:_drain_message:963] Received button press: KeyCode.UP
[2026-08-09 18:31:09,009] cb2game.server.room INFO [room:drain_messages:275] Received message type MessageType.ACTIONS for player 0.
[2026-08-09 18:31:09,025] cb2game.server.room INFO [room:drain_messages:275] Received message type MessageType.BUTTON_PRESS for player 0.
[2026-08-09 18:31:09,025] cb2game.server.state INFO [state:_drain_message:963] Received button press: KeyCode.UP
[2026-08-09 18:31:09,376] cb2game.server.room INFO [room:drain_messages:275] Received message type MessageType.ACTIONS for player 0.
[2026-08-09 18:31:09,392] cb2game.server.room INFO [room:drain_messages:275] Received message type MessageType.BUTTON_PRESS for player 0.
[2026-08-09 18:31:09,392] cb2game.server.state INFO [state:_drain_message:963] Received button press: KeyCode.UP
[2026-08-09 18:31:09,742] cb2game.server.room INFO [room:drain_messages:275] Received message type MessageType.ACTIONS for player 0.
[2026-08-09 18:31:09,759] cb2game.server.room INFO [room:drain_messages:275] Received message type MessageType.BUTTON_PRESS for player 0.
[2026-08-09 18:31:09,759] cb2game.server.state INFO [state:_drain_message:963] Received button press: KeyCode.UP
[2026-08-09 18:31:10,109] cb2game.server.room INFO [room:drain_messages:275] Received message type MessageType.ACTIONS for player 0.
[2026-08-09 18:31:10,126] cb2game.server.room INFO [room:drain_messages:275] Received message type MessageType.BUTTON_PRESS for player 0.
[2026-08-09 18:31:10,126] cb2game.server.state INFO [state:_drain_message:963] Received button press: KeyCode.UP
[2026-08-09 18:31:10,460] cb2game.server.room INFO [room:drain_messages:275] Received message type MessageType.ACTIONS for player 0.
[2026-08-09 18:31:10,476] cb2game.server.room INFO [room:drain_messages:275] Received message type MessageType.BUTTON_PRESS for player 0.
[2026-08-09 18:31:10,476] cb2game.server.state INFO [state:_drain_message:963] Received button press: KeyCode.UP
[2026-08-09 18:31:11,043] cb2game.server.room INFO [room:drain_messages:275] Received message type MessageType.ACTIONS for player 0.
[2026-08-09 18:31:11,059] cb2game.server.room INFO [room:drain_messages:275] Received message type MessageType.BUTTON_PRESS for player 0.
[2026-08-09 18:31:11,059] cb2game.server.state INFO [state:_drain_message:963] Received button press: KeyCode.LEFT
[2026-08-09 18:31:11,326] cb2game.server.room INFO [room:drain_messages:275] Received message type MessageType.ACTIONS for player 0.
[2026-08-09 18:31:11,342] cb2game.server.room INFO [room:drain_messages:275] Received message type MessageType.BUTTON_PRESS for player 0.
[2026-08-09 18:31:11,342] cb2game.server.state INFO [state:_drain_message:963] Received button press: KeyCode.LEFT
[2026-08-09 18:31:11,827] cb2game.server.room INFO [room:drain_messages:275] Received message type MessageType.ACTIONS for player 0.
[2026-08-09 18:31:11,843] cb2game.server.room INFO [room:drain_messages:275] Received message type MessageType.BUTTON_PRESS for player 0.
[2026-08-09 18:31:11,843] cb2game.server.state INFO [state:_drain_message:963] Received button press: KeyCode.UP
[2026-08-09 18:31:12,310] cb2game.server.room INFO [room:drain_messages:275] Received message type MessageType.ACTIONS for player 0.
[2026-08-09 18:31:12,327] cb2game.server.room INFO [room:drain_messages:275] Received message type MessageType.BUTTON_PRESS for player 0.
[2026-08-09 18:31:12,327] cb2game.server.state INFO [state:_drain_message:963] Received button press: KeyCode.RIGHT
[2026-08-09 18:31:12,961] cb2game.server.room INFO [room:drain_messages:275] Received message type MessageType.ACTIONS for player 0.
[2026-08-09 18:31:12,977] cb2game.server.room INFO [room:drain_messages:275] Received message type MessageType.BUTTON_PRESS for player 0.
[2026-08-09 18:31:12,978] cb2game.server.state INFO [state:_drain_message:963] Received button press: KeyCode.LEFT
[2026-08-09 18:31:25,566] cb2game.server.room INFO [room:drain_messages:275] Received message type MessageType.ACTIONS for player 0.
[2026-08-09 18:31:25,583] cb2game.server.room INFO [room:drain_messages:275] Received message type MessageType.BUTTON_PRESS for player 0.
[2026-08-09 18:31:25,583] cb2game.server.state INFO [state:_drain_message:963] Received button press: KeyCode.UP
[2026-08-09 18:31:26,017] cb2game.server.room INFO [room:drain_messages:275] Received message type MessageType.ACTIONS for player 0.
[2026-08-09 18:31:26,033] cb2game.server.room INFO [room:drain_messages:275] Received message type MessageType.BUTTON_PRESS for player 0.
[2026-08-09 18:31:26,033] cb2game.server.state INFO [state:_drain_message:963] Received button press: KeyCode.UP
[2026-08-09 18:31:26,467] cb2game.server.room INFO [room:drain_messages:275] Received message type MessageType.ACTIONS for player 0.
[2026-08-09 18:31:26,484] cb2game.server.room INFO [room:drain_messages:275] Received message type MessageType.BUTTON_PRESS for player 0.
[2026-08-09 18:31:26,484] cb2game.server.state INFO [state:_drain_message:963] Received button press: KeyCode.RIGHT
[2026-08-09 18:31:26,900] cb2game.server.room INFO [room:drain_messages:275] Received message type MessageType.ACTIONS for player 0.
[2026-08-09 18:31:26,917] cb2game.server.room INFO [room:drain_messages:275] Received message type MessageType.BUTTON_PRESS for player 0.
[2026-08-09 18:31:26,917] cb2game.server.state INFO [state:_drain_message:963] Received button press: KeyCode.UP
[2026-08-09 18:31:27,317] cb2game.server.room INFO [room:drain_messages:275] Received message type MessageType.ACTIONS for player 0.
[2026-08-09 18:31:27,334] cb2game.server.room INFO [room:drain_messages:275] Received message type MessageType.BUTTON_PRESS for player 0.
[2026-08-09 18:31:27,334] cb2game.server.state INFO [state:_drain_message:963] Received button press: KeyCode.LEFT
[2026-08-09 18:31:27,717] cb2game.server.room INFO [room:drain_messages:275] Received message type MessageType.ACTIONS for player 0.
[2026-08-09 18:31:27,733] cb2game.server.room INFO [room:drain_messages:275] Received message type MessageType.BUTTON_PRESS for player 0.
[2026-08-09 18:31:27,733] cb2game.server.state INFO [state:_drain_message:963] Received button press: KeyCode.UP
[2026-08-09 18:31:28,083] cb2game.server.room INFO [room:drain_messages:275] Received message type MessageType.ACTIONS for player 0.
[2026-08-09 18:31:28,102] cb2game.server.room INFO [room:drain_messages:275] Received message type MessageType.BUTTON_PRESS for player 0.
[2026-08-09 18:31:28,102] cb2game.server.state INFO [state:_drain_message:963] Received button press: KeyCode.RIGHT
[2026-08-09 18:31:28,618] cb2game.server.room INFO [room:drain_messages:275] Received message type MessageType.ACTIONS for player 0.
[2026-08-09 18:31:28,635] cb2game.server.room INFO [room:drain_messages:275] Received message type MessageType.BUTTON_PRESS for player 0.
[2026-08-09 18:31:28,635] cb2game.server.state INFO [state:_drain_message:963] Received button press: KeyCode.UP
[2026-08-09 18:31:29,052] cb2game.server.room INFO [room:drain_messages:275] Received message type MessageType.BUTTON_PRESS for player 0.
[2026-08-09 18:31:29,052] cb2game.server.state INFO [state:_drain_message:963] Received button press: KeyCode.S
[2026-08-09 18:31:29,052] cb2game.server.state INFO [state:_select_if_on_card:860] Replaced previous fMRI card selection 94 with 20.
[2026-08-09 18:31:29,052] cb2game.server.state INFO [state:_select_if_on_card:870] Selected card 20 with color: Color(r=0, g=0, b=1, a=1), selected: True
[2026-08-09 18:31:29,785] cb2game.server.room INFO [room:drain_messages:275] Received message type MessageType.ACTIONS for player 0.
[2026-08-09 18:31:29,801] cb2game.server.room INFO [room:drain_messages:275] Received message type MessageType.BUTTON_PRESS for player 0.
[2026-08-09 18:31:29,801] cb2game.server.state INFO [state:_drain_message:963] Received button press: KeyCode.LEFT
[2026-08-09 18:31:31,086] cb2game.server.room INFO [room:drain_messages:275] Received message type MessageType.ACTIONS for player 0.
[2026-08-09 18:31:31,102] cb2game.server.room INFO [room:drain_messages:275] Received message type MessageType.BUTTON_PRESS for player 0.
[2026-08-09 18:31:31,102] cb2game.server.state INFO [state:_drain_message:963] Received button press: KeyCode.RIGHT
[2026-08-09 18:31:31,653] cb2game.server.room INFO [room:drain_messages:275] Received message type MessageType.ACTIONS for player 0.
[2026-08-09 18:31:31,669] cb2game.server.room INFO [room:drain_messages:275] Received message type MessageType.BUTTON_PRESS for player 0.
[2026-08-09 18:31:31,669] cb2game.server.state INFO [state:_drain_message:963] Received button press: KeyCode.UP
[2026-08-09 18:31:32,119] cb2game.server.room INFO [room:drain_messages:275] Received message type MessageType.ACTIONS for player 0.
[2026-08-09 18:31:32,136] cb2game.server.room INFO [room:drain_messages:275] Received message type MessageType.BUTTON_PRESS for player 0.
[2026-08-09 18:31:32,136] cb2game.server.state INFO [state:_drain_message:963] Received button press: KeyCode.LEFT
[2026-08-09 18:31:32,553] cb2game.server.room INFO [room:drain_messages:275] Received message type MessageType.ACTIONS for player 0.
[2026-08-09 18:31:32,570] cb2game.server.room INFO [room:drain_messages:275] Received message type MessageType.BUTTON_PRESS for player 0.
[2026-08-09 18:31:32,570] cb2game.server.state INFO [state:_drain_message:963] Received button press: KeyCode.UP
[2026-08-09 18:31:32,920] cb2game.server.room INFO [room:drain_messages:275] Received message type MessageType.ACTIONS for player 0.
[2026-08-09 18:31:32,937] cb2game.server.room INFO [room:drain_messages:275] Received message type MessageType.BUTTON_PRESS for player 0.
[2026-08-09 18:31:32,937] cb2game.server.state INFO [state:_drain_message:963] Received button press: KeyCode.UP
[2026-08-09 18:31:33,287] cb2game.server.room INFO [room:drain_messages:275] Received message type MessageType.ACTIONS for player 0.
[2026-08-09 18:31:33,302] cb2game.server.room INFO [room:drain_messages:275] Received message type MessageType.BUTTON_PRESS for player 0.
[2026-08-09 18:31:33,302] cb2game.server.state INFO [state:_drain_message:963] Received button press: KeyCode.UP
[2026-08-09 18:31:34,071] cb2game.server.room INFO [room:drain_messages:275] Received message type MessageType.ACTIONS for player 0.
[2026-08-09 18:31:34,086] cb2game.server.room INFO [room:drain_messages:275] Received message type MessageType.BUTTON_PRESS for player 0.
[2026-08-09 18:31:34,086] cb2game.server.state INFO [state:_drain_message:963] Received button press: KeyCode.LEFT
[2026-08-09 18:31:34,904] cb2game.server.room INFO [room:drain_messages:275] Received message type MessageType.ACTIONS for player 0.
[2026-08-09 18:31:34,920] cb2game.server.room INFO [room:drain_messages:275] Received message type MessageType.BUTTON_PRESS for player 0.
[2026-08-09 18:31:34,920] cb2game.server.state INFO [state:_drain_message:963] Received button press: KeyCode.UP
[2026-08-09 18:31:36,939] cb2game.server.room INFO [room:drain_messages:275] Received message type MessageType.ACTIONS for player 0.
[2026-08-09 18:31:36,955] cb2game.server.room INFO [room:drain_messages:275] Received message type MessageType.BUTTON_PRESS for player 0.
[2026-08-09 18:31:36,955] cb2game.server.state INFO [state:_drain_message:963] Received button press: KeyCode.UP
[2026-08-09 18:31:37,605] cb2game.server.room INFO [room:drain_messages:275] Received message type MessageType.ACTIONS for player 0.
[2026-08-09 18:31:37,621] cb2game.server.room INFO [room:drain_messages:275] Received message type MessageType.BUTTON_PRESS for player 0.
[2026-08-09 18:31:37,621] cb2game.server.state INFO [state:_drain_message:963] Received button press: KeyCode.UP
[2026-08-09 18:31:37,955] cb2game.server.room INFO [room:drain_messages:275] Received message type MessageType.ACTIONS for player 0.
[2026-08-09 18:31:37,971] cb2game.server.room INFO [room:drain_messages:275] Received message type MessageType.BUTTON_PRESS for player 0.
[2026-08-09 18:31:37,971] cb2game.server.state INFO [state:_drain_message:963] Received button press: KeyCode.UP
[2026-08-09 18:31:38,321] cb2game.server.room INFO [room:drain_messages:275] Received message type MessageType.ACTIONS for player 0.
[2026-08-09 18:31:38,339] cb2game.server.room INFO [room:drain_messages:275] Received message type MessageType.BUTTON_PRESS for player 0.
[2026-08-09 18:31:38,339] cb2game.server.state INFO [state:_drain_message:963] Received button press: KeyCode.UP
[2026-08-09 18:31:38,839] cb2game.server.room INFO [room:drain_messages:275] Received message type MessageType.ACTIONS for player 0.
[2026-08-09 18:31:38,856] cb2game.server.room INFO [room:drain_messages:275] Received message type MessageType.BUTTON_PRESS for player 0.
[2026-08-09 18:31:38,856] cb2game.server.state INFO [state:_drain_message:963] Received button press: KeyCode.UP
[2026-08-09 18:31:39,190] cb2game.server.room INFO [room:drain_messages:275] Received message type MessageType.ACTIONS for player 0.
[2026-08-09 18:31:39,206] cb2game.server.room INFO [room:drain_messages:275] Received message type MessageType.BUTTON_PRESS for player 0.
[2026-08-09 18:31:39,206] cb2game.server.state INFO [state:_drain_message:963] Received button press: KeyCode.UP
[2026-08-09 18:31:39,823] cb2game.server.room INFO [room:drain_messages:275] Received message type MessageType.ACTIONS for player 0.
[2026-08-09 18:31:39,839] cb2game.server.room INFO [room:drain_messages:275] Received message type MessageType.BUTTON_PRESS for player 0.
[2026-08-09 18:31:39,839] cb2game.server.state INFO [state:_drain_message:963] Received button press: KeyCode.UP
[2026-08-09 18:31:40,190] cb2game.server.room INFO [room:drain_messages:275] Received message type MessageType.ACTIONS for player 0.
[2026-08-09 18:31:40,206] cb2game.server.room INFO [room:drain_messages:275] Received message type MessageType.BUTTON_PRESS for player 0.
[2026-08-09 18:31:40,207] cb2game.server.state INFO [state:_drain_message:963] Received button press: KeyCode.UP
[2026-08-09 18:31:40,556] cb2game.server.room INFO [room:drain_messages:275] Received message type MessageType.ACTIONS for player 0.
[2026-08-09 18:31:40,574] cb2game.server.room INFO [room:drain_messages:275] Received message type MessageType.BUTTON_PRESS for player 0.
[2026-08-09 18:31:40,574] cb2game.server.state INFO [state:_drain_message:963] Received button press: KeyCode.UP
[2026-08-09 18:31:41,490] cb2game.server.room INFO [room:drain_messages:275] Received message type MessageType.ACTIONS for player 0.
[2026-08-09 18:31:41,507] cb2game.server.room INFO [room:drain_messages:275] Received message type MessageType.BUTTON_PRESS for player 0.
[2026-08-09 18:31:41,507] cb2game.server.state INFO [state:_drain_message:963] Received button press: KeyCode.LEFT
[2026-08-09 18:31:48,444] cb2game.server.room INFO [room:drain_messages:275] Received message type MessageType.ACTIONS for player 0.
[2026-08-09 18:31:48,461] cb2game.server.room INFO [room:drain_messages:275] Received message type MessageType.BUTTON_PRESS for player 0.
[2026-08-09 18:31:48,461] cb2game.server.state INFO [state:_drain_message:963] Received button press: KeyCode.UP
[2026-08-09 18:31:48,811] cb2game.server.room INFO [room:drain_messages:275] Received message type MessageType.ACTIONS for player 0.
[2026-08-09 18:31:48,827] cb2game.server.room INFO [room:drain_messages:275] Received message type MessageType.BUTTON_PRESS for player 0.
[2026-08-09 18:31:48,827] cb2game.server.state INFO [state:_drain_message:963] Received button press: KeyCode.UP
[2026-08-09 18:31:49,261] cb2game.server.room INFO [room:drain_messages:275] Received message type MessageType.ACTIONS for player 0.
[2026-08-09 18:31:49,278] cb2game.server.room INFO [room:drain_messages:275] Received message type MessageType.BUTTON_PRESS for player 0.
[2026-08-09 18:31:49,278] cb2game.server.state INFO [state:_drain_message:963] Received button press: KeyCode.LEFT
[2026-08-09 18:31:49,828] cb2game.server.room INFO [room:drain_messages:275] Received message type MessageType.ACTIONS for player 0.
[2026-08-09 18:31:49,845] cb2game.server.room INFO [room:drain_messages:275] Received message type MessageType.BUTTON_PRESS for player 0.
[2026-08-09 18:31:49,845] cb2game.server.state INFO [state:_drain_message:963] Received button press: KeyCode.UP
[2026-08-09 18:31:50,194] cb2game.server.room INFO [room:drain_messages:275] Received message type MessageType.ACTIONS for player 0.
[2026-08-09 18:31:50,210] cb2game.server.room INFO [room:drain_messages:275] Received message type MessageType.BUTTON_PRESS for player 0.
[2026-08-09 18:31:50,211] cb2game.server.state INFO [state:_drain_message:963] Received button press: KeyCode.UP
[2026-08-09 18:31:50,527] cb2game.server.room INFO [room:drain_messages:275] Received message type MessageType.BUTTON_PRESS for player 0.
[2026-08-09 18:31:50,527] cb2game.server.state INFO [state:_drain_message:963] Received button press: KeyCode.S
[2026-08-09 18:31:50,528] cb2game.server.state INFO [state:_select_if_on_card:860] Replaced previous fMRI card selection 20 with 80.
[2026-08-09 18:31:50,528] cb2game.server.state INFO [state:_select_if_on_card:870] Selected card 80 with color: Color(r=0, g=0, b=1, a=1), selected: True
[2026-08-09 18:31:51,095] cb2game.server.room INFO [room:drain_messages:275] Received message type MessageType.ACTIONS for player 0.
[2026-08-09 18:31:51,111] cb2game.server.room INFO [room:drain_messages:275] Received message type MessageType.BUTTON_PRESS for player 0.
[2026-08-09 18:31:51,111] cb2game.server.state INFO [state:_drain_message:963] Received button press: KeyCode.LEFT
[2026-08-09 18:31:51,512] cb2game.server.room INFO [room:drain_messages:275] Received message type MessageType.ACTIONS for player 0.
[2026-08-09 18:31:51,528] cb2game.server.room INFO [room:drain_messages:275] Received message type MessageType.BUTTON_PRESS for player 0.
[2026-08-09 18:31:51,528] cb2game.server.state INFO [state:_drain_message:963] Received button press: KeyCode.UP
[2026-08-09 18:31:51,878] cb2game.server.room INFO [room:drain_messages:275] Received message type MessageType.ACTIONS for player 0.
[2026-08-09 18:31:51,896] cb2game.server.room INFO [room:drain_messages:275] Received message type MessageType.BUTTON_PRESS for player 0.
[2026-08-09 18:31:51,896] cb2game.server.state INFO [state:_drain_message:963] Received button press: KeyCode.UP
[2026-08-09 18:31:52,229] cb2game.server.room INFO [room:drain_messages:275] Received message type MessageType.ACTIONS for player 0.
[2026-08-09 18:31:52,246] cb2game.server.room INFO [room:drain_messages:275] Received message type MessageType.BUTTON_PRESS for player 0.
[2026-08-09 18:31:52,246] cb2game.server.state INFO [state:_drain_message:963] Received button press: KeyCode.UP
[2026-08-09 18:31:52,596] cb2game.server.room INFO [room:drain_messages:275] Received message type MessageType.ACTIONS for player 0.
[2026-08-09 18:31:52,612] cb2game.server.room INFO [room:drain_messages:275] Received message type MessageType.BUTTON_PRESS for player 0.
[2026-08-09 18:31:52,612] cb2game.server.state INFO [state:_drain_message:963] Received button press: KeyCode.UP
[2026-08-09 18:31:52,963] cb2game.server.room INFO [room:drain_messages:275] Received message type MessageType.ACTIONS for player 0.
[2026-08-09 18:31:52,979] cb2game.server.room INFO [room:drain_messages:275] Received message type MessageType.BUTTON_PRESS for player 0.
[2026-08-09 18:31:52,979] cb2game.server.state INFO [state:_drain_message:963] Received button press: KeyCode.UP
[2026-08-09 18:31:53,330] cb2game.server.room INFO [room:drain_messages:275] Received message type MessageType.ACTIONS for player 0.
[2026-08-09 18:31:53,346] cb2game.server.room INFO [room:drain_messages:275] Received message type MessageType.BUTTON_PRESS for player 0.
[2026-08-09 18:31:53,346] cb2game.server.state INFO [state:_drain_message:963] Received button press: KeyCode.UP
[2026-08-09 18:31:53,696] cb2game.server.room INFO [room:drain_messages:275] Received message type MessageType.ACTIONS for player 0.
[2026-08-09 18:31:53,713] cb2game.server.room INFO [room:drain_messages:275] Received message type MessageType.BUTTON_PRESS for player 0.
[2026-08-09 18:31:53,713] cb2game.server.state INFO [state:_drain_message:963] Received button press: KeyCode.UP
[2026-08-09 18:32:06,228] root INFO [main:PlayerEndpoint:1327] =====================================
[2026-08-09 18:32:06,229] root INFO [main:PlayerEndpoint:1328] player disconnected from : 127.0.0.1
[2026-08-09 18:32:06,234] cb2game.server.lobby INFO [lobby:disconnect_socket:224] disconnect_socket()
[2026-08-09 18:32:06,235] cb2game.server.lobby WARNING [lobby:remove_socket_from_queue:901] Socket not found in queue!
[2026-08-09 18:32:06,235] cb2game.server.lobby WARNING [lobby:remove_socket_from_queue:913] Socket not found in follower queue!
[2026-08-09 18:32:06,235] cb2game.server.lobby WARNING [lobby:remove_socket_from_queue:925] Socket not found in leader queue!
[2026-08-09 18:32:06,235] cb2game.server.lobby INFO [lobby:disconnect_socket:235] disconnect_socket() removed role: Role.SPECTATOR
[2026-08-09 18:32:06,235] root INFO [state:mark_player_disconnected:288] Setting kvals: {'fmri_auto_advance_instructions': True, 'fmri_instruction_order': [[24], [10], [13], [45], [49], [33], [34], [31], [23], [7], [6], [46], [89], [39], [67], [25], [40], [58]], 'disconnected': ['SPECTATOR']}
[2026-08-09 18:32:06,237] aiohttp.access INFO [web_log:log:206] 127.0.0.1 [10/Aug/2026:01:23:47 +0000] "GET /player_endpoint?is_bot=true&lobby_name=scenario-lobby HTTP/1.1" 101 0 "-" "Python/3.9 aiohttp/3.8.4"
[2026-08-09 18:32:06,240] root INFO [main:PlayerEndpoint:1327] =====================================
[2026-08-09 18:32:06,242] root INFO [main:PlayerEndpoint:1328] player disconnected from : 127.0.0.1
[2026-08-09 18:32:06,246] cb2game.server.lobby INFO [lobby:disconnect_socket:224] disconnect_socket()
[2026-08-09 18:32:06,246] cb2game.server.lobby WARNING [lobby:remove_socket_from_queue:901] Socket not found in queue!
[2026-08-09 18:32:06,246] cb2game.server.lobby WARNING [lobby:remove_socket_from_queue:913] Socket not found in follower queue!
[2026-08-09 18:32:06,246] cb2game.server.lobby WARNING [lobby:remove_socket_from_queue:925] Socket not found in leader queue!
[2026-08-09 18:32:06,246] cb2game.server.lobby INFO [lobby:disconnect_socket:235] disconnect_socket() removed role: Role.FOLLOWER
[2026-08-09 18:32:06,246] cb2game.server.state WARNING [state:mark_player_disconnected:285] Player ['SPECTATOR'] already disconnected.
[2026-08-09 18:32:06,246] root INFO [state:mark_player_disconnected:288] Setting kvals: {'fmri_auto_advance_instructions': True, 'fmri_instruction_order': [[24], [10], [13], [45], [49], [33], [34], [31], [23], [7], [6], [46], [89], [39], [67], [25], [40], [58]], 'disconnected': ['FOLLOWER']}
[2026-08-09 18:32:06,247] root INFO [room:stop:299] Room /1 ending game.
[2026-08-09 18:32:06,247] aiohttp.access INFO [web_log:log:206] 127.0.0.1 [10/Aug/2026:01:23:49 +0000] "GET /player_endpoint?lobby_name=scenario-lobby&auto=join_game_queue HTTP/1.1" 101 0 "-" "Mozilla/5.0 (Macintosh; Intel Mac OS X 10_15_7) AppleWebKit/537.36 (KHTML, like Gecko) Chrome/150.0.0.0 Safari/537.36"
[2026-08-09 18:32:06,248] cb2game.server.leaderboard INFO [leaderboard:UpdateLeaderboard:37] Updating leaderboard for game 1
[2026-08-09 18:32:06,248] root INFO [google_experience:UpdateGoogleUserExperienceTable:92] Updating google experience...
[2026-08-09 18:32:06,248] root INFO [google_experience:UpdateGoogleUserExperienceTable:101] Game type scenario-lobby|6|scenario is not a google lobby game type.
